Region,Month of Period End,Median Sale Price,Median Sale Price MoM ,Median Sale Price YoY ,Homes Sold,Homes Sold MoM ,Homes Sold YoY ,New Listings,New Listings MoM ,New Listings YoY ,Inventory,Inventory MoM , Inventory YoY ,Days on Market,Days on Market MoM,Days on Market YoY,Average Sale To List,Average Sale To List MoM ,Average Sale To List YoY ,Zip Code
"San Jose, CA - Alexander",Dec-13,$720K,,,1,,,3,,,1,,,14,,,103%,,,95116
"San Jose, CA - Alexander",Jan-14,$720K,0%,,1,0%,,2,-33.30%,,1,0%,,14,0,,103%,0%,,95116
"San Jose, CA - Alexander",Feb-14,$730K,1.30%,,2,100%,,,,,1,0%,,14,-1,,104.40%,1.40%,,95116
"San Jose, CA - Alexander",Mar-14,$739K,1.30%,,1,-50%,,,,,1,0%,,13,-1,,105.70%,1.40%,,95116
"San Jose, CA - Alexander",Apr-14,$739K,0%,,1,0%,,,,,1,0%,,13,0,,105.70%,0%,,95116
"San Jose, CA - Alexander",Dec-14,$780K,,8.30%,1,,0%,1,,-66.70%,,,,17,,3,107.60%,,4.60%,95116
"San Jose, CA - Alexander",Jan-15,$780K,0%,8.30%,1,0%,0%,,,,,,,17,0,3,107.60%,0%,4.60%,95116
"San Jose, CA - Alexander",Feb-15,$780K,0%,6.90%,1,0%,-50%,,,,,,,17,0,4,107.60%,0%,3.20%,95116
"San Jose, CA - Alexander",Jul-15,$975K,,,1,,,2,,,,,,10,,,102.60%,,,95116
"San Jose, CA - Alexander",Aug-15,$975K,0%,,1,0%,,,,,,,,10,0,,102.60%,0%,,95116
"San Jose, CA - Alexander",Sep-15,$983K,0.80%,,2,100%,,,,,,,,45,35,,103.40%,0.80%,,95116
"San Jose, CA - Alexander",Oct-15,$990K,0.80%,,1,-50%,,,,,,,,80,35,,104.20%,0.80%,,95116
"San Jose, CA - Alexander",Nov-15,$990K,0%,,1,0%,,,,,,,,80,0,,104.20%,0%,,95116
"San Jose, CA - Alma-Almaden",Jan-12,$500K,,,1,,,,,,,,,154,,,100%,,,95125
"San Jose, CA - Alma-Almaden",Feb-12,$500K,0%,,1,0%,,,,,,,,154,0,,100%,0%,,95125
"San Jose, CA - Alma-Almaden",Mar-12,$500K,0%,,1,0%,,,,,,,,154,0,,100%,0%,,95125
"San Jose, CA - Almaden Valley",Jul-12,$800K,,-6.90%,1,,-50%,1,,,,,,21,,-36,97%,,-0.80%,95120
"San Jose, CA - Almaden Valley",Aug-12,$800K,0%,,1,0%,,,,,,,,21,0,,97%,0%,,95120
"San Jose, CA - Almaden Valley",Sep-12,$800K,0%,,1,0%,,,,,,,,21,0,,97%,0%,,95120
"San Jose, CA - Almaden Valley",Nov-13,$953K,,,1,,,1,,,,,,24,,,100.30%,,,95120
"San Jose, CA - Almaden Valley",Dec-13,$953K,0%,,1,0%,,,,,,,,24,0,,100.30%,0%,,95120
"San Jose, CA - Almaden Valley",Jan-14,$953K,0%,,1,0%,,,,,,,,24,0,,100.30%,0%,,95120
"San Jose, CA - Almaden Valley",Apr-14,"$1,030K",,,1,,,2,,,,,,32,,,104.20%,,,95120
"San Jose, CA - Almaden Valley",May-14,"$1,179K",14.50%,,2,100%,,1,-50%,,,,,25,-7,,99.50%,-4.60%,,95120
"San Jose, CA - Almaden Valley",Jun-14,"$1,179K",0%,,2,0%,,,,,,,,25,0,,99.50%,0%,,95120
"San Jose, CA - Almaden Valley",Jul-14,"$1,328K",12.60%,,1,-50%,,,,,,,,18,-7,,94.90%,-4.60%,,95120
"San Jose, CA - Almaden Valley",Mar-16,"$1,300K",,,1,,,,,,,,,37,,,100.90%,,,95120
"San Jose, CA - Almaden Valley",Apr-16,"$1,300K",0%,,1,0%,,,,,,,,37,0,,100.90%,0%,,95120
"San Jose, CA - Almaden Valley",May-16,"$1,300K",0%,,1,0%,,,,,,,,37,0,,100.90%,0%,,95120
"San Jose, CA - Anderson East",Nov-14,$730K,,,1,,,1,,,,,,35,,,97.30%,,,95123
"San Jose, CA - Anderson East",Dec-14,$730K,0%,,1,0%,,,,,,,,35,0,,97.30%,0%,,95123
"San Jose, CA - Anderson East",Jan-15,$730K,0%,,1,0%,,,,,,,,35,0,,97.30%,0%,,95123
"San Jose, CA - Atlanta Bird",Jan-12,$300K,0%,-18.40%,1,0%,-50%,2,100%,0%,2,100%,100%,213,0,130,100.30%,0%,2.50%,95125
"San Jose, CA - Atlanta Bird",Feb-12,$250K,-16.70%,-32%,2,100%,0%,2,0%,0%,1,-50%,0%,139,-74,56,83.60%,-16.70%,-14.20%,95125
"San Jose, CA - Atlanta Bird",Mar-12,$383K,53%,14.20%,2,0%,100%,2,0%,,,,,40,-99,32,90.10%,6.40%,-5.70%,95125
"San Jose, CA - Atlanta Bird",Apr-12,$383K,0%,,2,0%,,1,-50%,,,,,40,0,,90.10%,0%,,95125
"San Jose, CA - Atlanta Bird",May-12,$515K,34.60%,162.80%,2,0%,100%,1,0%,0%,,,,31,-10,-96,108.30%,18.20%,29.70%,95125
"San Jose, CA - Atlanta Bird",Jun-12,$465K,-9.70%,137.20%,1,-50%,0%,,,,,,,46,16,-80,103.30%,-4.90%,24.80%,95125
"San Jose, CA - Atlanta Bird",Jul-12,$465K,0%,137.20%,1,0%,0%,,,,,,,46,0,-80,103.30%,0%,24.80%,95125
"San Jose, CA - Atlanta Bird",Sep-12,$305K,,,2,,,2,,,,,,,,,100.60%,,,95125
"San Jose, CA - Atlanta Bird",Oct-12,$305K,0%,,2,0%,,2,0%,,,,,,,,100.60%,0%,,95125
"San Jose, CA - Atlanta Bird",Nov-12,$305K,0%,,2,0%,,2,0%,,,,,,,,100.60%,0%,,95125
"San Jose, CA - Atlanta Bird",Jan-13,$405K,,35%,1,,0%,,,,,,,,,,57.90%,,-42.50%,95125
"San Jose, CA - Atlanta Bird",Feb-13,$405K,0%,62%,1,0%,-50%,,,,,,,,,,57.90%,0%,-25.80%,95125
"San Jose, CA - Atlanta Bird",Mar-13,$405K,0%,5.90%,1,0%,-50%,,,,,,,,,,57.90%,0%,-32.20%,95125
"San Jose, CA - Atlanta Bird",Feb-14,$500K,,23.50%,1,,0%,1,,,,,,19,,,119%,,61.20%,95125
"San Jose, CA - Atlanta Bird",Mar-14,$500K,0%,23.50%,1,0%,0%,1,0%,,,,,19,0,,119%,0%,61.20%,95125
"San Jose, CA - Atlanta Bird",Apr-14,$500K,0%,,1,0%,,,,,,,,19,0,,119%,0%,,95125
"San Jose, CA - Atlanta Bird",Jun-15,$752K,,,1,,,3,,,1,,,62,,,100.30%,,,95125
"San Jose, CA - Atlanta Bird",Jul-15,$626K,-16.80%,,2,100%,,1,-66.70%,,,,,38,-24,,91.80%,-8.50%,,95125
"San Jose, CA - Atlanta Bird",Aug-15,$561K,-10.40%,,3,50%,,1,0%,,,,,32,-6,,92.40%,0.60%,,95125
"San Jose, CA - Atlanta Bird",Sep-15,$530K,-5.40%,,2,-33.30%,,,,,,,,23,-9,,88.50%,-3.90%,,95125
"San Jose, CA - Atlanta Bird",Oct-15,$561K,5.70%,,1,-50%,,,,,,,,32,9,,93.60%,5.10%,,95125
"San Jose, CA - Atlanta Bird",May-16,$800K,,,1,,,2,,,1,,,10,,,108.30%,,,95125
"San Jose, CA - Atlanta Bird",Jun-16,$800K,0%,6.40%,1,0%,0%,3,50%,0%,2,100%,100%,10,0,-52,108.30%,0%,8%,95125
"San Jose, CA - Atlanta Bird",Jul-16,$800K,0%,27.80%,1,0%,-50%,2,-33.30%,100%,2,0%,,10,0,-28,108.30%,0%,16.50%,95125
"San Jose, CA - Atlanta Bird",Sep-16,$710K,,33.90%,1,,-50%,,,,,,,112,,89,101.70%,,13.30%,95125
"San Jose, CA - Atlanta Bird",Oct-16,$710K,0%,26.60%,1,0%,0%,1,,,1,,,112,0,80,101.70%,0%,8.10%,95125
"San Jose, CA - Atlanta Bird",Nov-16,$710K,0%,,1,0%,,1,0%,,1,0%,,112,0,,101.70%,0%,,95125
"San Jose, CA - Barbera-Stokes",May-12,$815K,,,1,,,2,,,1,,,20,,,95.90%,,,95126
"San Jose, CA - Barbera-Stokes",Jun-12,$815K,0%,,1,0%,,1,-50%,,,,,20,0,,95.90%,0%,,95126
"San Jose, CA - Barbera-Stokes",Jul-12,$835K,2.50%,26.70%,2,100%,100%,1,0%,,,,,12,-9,-149,98.50%,2.60%,-1.50%,95126
"San Jose, CA - Barbera-Stokes",Aug-12,$855K,2.40%,29.70%,1,-50%,0%,,,,,,,3,-9,-157,101.20%,2.60%,1.20%,95126
"San Jose, CA - Barbera-Stokes",Sep-12,$855K,0%,29.70%,1,0%,0%,,,,,,,3,0,-157,101.20%,0%,1.20%,95126
"San Jose, CA - Barbera-Stokes",Dec-12,$865K,,,1,,,1,,,,,,52,,,96.20%,,,95126
"San Jose, CA - Barbera-Stokes",Jan-13,$865K,0%,,1,0%,,,,,,,,52,0,,96.20%,0%,,95126
"San Jose, CA - Barbera-Stokes",Feb-13,$865K,0%,,1,0%,,,,,,,,52,0,,96.20%,0%,,95126
"San Jose, CA - Berryessa",Nov-12,$820K,,,1,,,,,,,,,79,,,96.50%,,,95132
"San Jose, CA - Berryessa",Dec-12,$820K,0%,,1,0%,,,,,,,,79,0,,96.50%,0%,,95132
"San Jose, CA - Berryessa",Jan-13,$848K,3.40%,,2,100%,,,,,,,,118,39,,96.90%,0.40%,,95132
"San Jose, CA - Berryessa",Feb-13,$875K,3.20%,,1,-50%,,,,,,,,156,39,,97.30%,0.40%,,95132
"San Jose, CA - Berryessa",Mar-13,$875K,0%,,1,0%,,,,,,,,156,0,,97.30%,0%,,95132
"San Jose, CA - Berryessa",Jul-16,"$1,078K",,,1,,,1,,,,,,21,,,102.70%,,,95132
"San Jose, CA - Berryessa",Aug-16,"$1,078K",0%,,1,0%,,1,0%,,,,,21,0,,102.70%,0%,,95132
"San Jose, CA - Berryessa",Sep-16,"$1,078K",0%,,1,0%,,,,,,,,21,0,,102.70%,0%,,95132
"San Jose, CA - Blackford",Jan-12,$655K,0%,,1,0%,,2,0%,,,,,10,0,,100%,0%,,95117
"San Jose, CA - Blackford",Feb-12,$673K,2.70%,-0.70%,2,100%,0%,3,50%,50%,,,,10,0,-49,102.50%,2.50%,4.60%,95117
"San Jose, CA - Blackford",Mar-12,$677K,0.60%,1.80%,2,0%,-50%,3,0%,200%,1,,0%,6,-5,-57,102.50%,0%,4.90%,95117
"San Jose, CA - Blackford",Apr-12,$677K,0%,1.80%,2,0%,-50%,3,0%,200%,,,,6,0,-57,102.50%,0%,4.90%,95117
"San Jose, CA - Blackford",May-12,$806K,19.10%,28%,2,0%,0%,3,0%,200%,,,,22,16,-82,98.10%,-4.40%,0.80%,95117
"San Jose, CA - Blackford",Jun-12,$830K,2.90%,,3,50%,,3,0%,,1,,,25,4,,98%,-0.10%,,95117
"San Jose, CA - Blackford",Jul-12,$830K,0%,,3,0%,,3,0%,,,,,25,0,,98%,0%,,95117
"San Jose, CA - Blackford",Aug-12,$830K,0%,,3,0%,,2,-33.30%,,,,,20,-5,,99.70%,1.70%,,95117
"San Jose, CA - Blackford",Sep-12,$875K,5.40%,,1,-66.70%,,2,0%,,1,,,20,0,,101.20%,1.50%,,95117
"San Jose, CA - Blackford",Oct-12,$870K,-0.60%,,3,200%,,4,100%,,1,0%,,13,-7,,102.80%,1.70%,,95117
"San Jose, CA - Blackford",Nov-12,$870K,0%,,3,0%,,5,25%,,2,100%,,13,0,,100.70%,-2.10%,,95117
"San Jose, CA - Blackford",Dec-12,$870K,0%,32.80%,3,0%,200%,4,-20%,100%,2,0%,,13,0,3,100.70%,0%,0.70%,95117
"San Jose, CA - Blackford",Jan-13,$880K,1.10%,34.40%,2,-33.30%,100%,2,-50%,0%,2,0%,,29,16,19,95.30%,-5.40%,-4.70%,95117
"San Jose, CA - Blackford",Feb-13,$785K,-10.80%,16.60%,2,0%,0%,3,50%,0%,3,50%,,18,-11,8,100.50%,5.20%,-2%,95117
"San Jose, CA - Blackford",Mar-13,$788K,0.40%,16.40%,3,50%,50%,2,-33.30%,-33.30%,2,-33.30%,100%,8,-10,3,104.80%,4.30%,2.30%,95117
"San Jose, CA - Blackford",Apr-13,$749K,-4.90%,10.60%,2,-33.30%,0%,2,0%,-33.30%,2,0%,,6,-2,1,109.30%,4.50%,6.80%,95117
"San Jose, CA - Blackford",May-13,$788K,5.20%,-2.30%,1,-50%,-50%,,,,2,0%,,8,2,-14,113.40%,4.10%,15.30%,95117
"San Jose, CA - Blackford",Jul-13,$975K,,17.50%,1,,-66.70%,,,,,,,218,,193,97.50%,,-0.50%,95117
"San Jose, CA - Blackford",Aug-13,$975K,0%,17.50%,1,0%,-66.70%,,,,,,,218,0,198,97.50%,0%,-2.20%,95117
"San Jose, CA - Blackford",Sep-13,$975K,0%,11.40%,1,0%,0%,2,,0%,2,,100%,218,0,198,97.50%,0%,-3.70%,95117
"San Jose, CA - Blackford",Nov-13,"$1,199K",,37.80%,1,,-66.70%,2,,-60%,,,,2,,-11,100%,,-0.70%,95117
"San Jose, CA - Blackford",Dec-13,"$1,141K",-4.90%,31.10%,2,100%,-33.30%,,,,,,,24,22,11,97.10%,-2.90%,-3.70%,95117
"San Jose, CA - Blackford",Jan-14,"$1,141K",0%,29.60%,2,0%,0%,,,,,,,24,0,-5,97.10%,0%,1.80%,95117
"San Jose, CA - Blackford",Feb-14,"$1,083K",-5.10%,37.90%,1,-50%,-50%,1,,-66.70%,1,,-66.70%,46,22,29,94.10%,-2.90%,-6.30%,95117
"San Jose, CA - Blackford",May-14,$800K,,1.50%,3,,200%,2,,,,,,22,,14,104.50%,,-8.90%,95117
"San Jose, CA - Blackford",Jun-14,$800K,0%,,3,0%,,3,50%,,1,,,22,0,,104.50%,0%,,95117
"San Jose, CA - Blackford",Jul-14,$800K,0%,-17.90%,3,0%,200%,2,-33.30%,,,,,22,0,-196,104.50%,0%,7%,95117
"San Jose, CA - Blackford",Aug-14,"$1,075K",34.40%,10.30%,1,-66.70%,0%,1,-50%,,,,,22,0,-196,102.40%,-2.10%,4.90%,95117
"San Jose, CA - Blackford",Sep-14,"$1,075K",0%,10.30%,1,0%,0%,1,0%,-50%,1,,-50%,22,0,-196,102.40%,0%,4.90%,95117
"San Jose, CA - Blackford",Oct-14,"$1,075K",0%,,1,0%,,1,0%,,1,0%,,22,0,,102.40%,0%,,95117
"San Jose, CA - Blackford",Nov-14,$835K,-22.30%,-30.40%,1,0%,0%,3,200%,50%,1,0%,,12,-10,10,110.20%,7.80%,10.20%,95117
"San Jose, CA - Blackford",Dec-14,$835K,0%,-26.80%,1,0%,-50%,2,-33.30%,,1,0%,,12,0,-12,110.20%,0%,13.10%,95117
"San Jose, CA - Blackford",Jan-15,"$1,030K",23.40%,-9.70%,2,100%,0%,3,50%,,1,0%,,8,-5,-17,108.30%,-1.80%,11.30%,95117
"San Jose, CA - Blackford",Feb-15,"$1,203K",16.70%,11.10%,2,0%,100%,2,-33.30%,100%,1,0%,0%,48,40,2,100.50%,-7.90%,6.30%,95117
"San Jose, CA - Blackford",Mar-15,"$1,225K",1.90%,,3,50%,,4,100%,,2,100%,,11,-37,,101.40%,0.90%,,95117
"San Jose, CA - Blackford",Apr-15,"$1,240K",1.20%,,4,33.30%,,3,-25%,,,,,13,2,,104.10%,2.80%,,95117
"San Jose, CA - Blackford",May-15,"$1,300K",4.80%,62.50%,3,-25%,0%,2,-33.30%,0%,,,,11,-2,-11,107.40%,3.20%,2.90%,95117
"San Jose, CA - Blackford",Jun-15,"$1,127K",-13.30%,40.90%,2,-33.30%,-33.30%,1,-50%,-66.70%,1,,0%,12,1,-10,109.50%,2.10%,4.90%,95117
"San Jose, CA - Blackford",Oct-15,$995K,,-7.40%,2,,100%,2,,100%,1,,0%,25,,3,104.80%,,2.40%,95117
"San Jose, CA - Blackford",Nov-15,$995K,0%,19.20%,2,0%,100%,1,-50%,-66.70%,1,0%,0%,25,0,13,104.80%,0%,-5.40%,95117
"San Jose, CA - Blackford",Dec-15,"$1,050K",5.50%,25.70%,3,50%,200%,1,0%,-50%,1,0%,0%,36,12,24,102.50%,-2.30%,-7.70%,95117
"San Jose, CA - Blackford",Jan-16,"$1,445K",37.60%,40.30%,2,-33.30%,0%,1,0%,-66.70%,,,,109,73,101,99.70%,-2.80%,-8.70%,95117
"San Jose, CA - Blackford",Feb-16,"$1,445K",0%,20.20%,2,0%,0%,1,0%,-50%,,,,109,0,61,99.70%,0%,-0.80%,95117
"San Jose, CA - Blackford",Mar-16,"$1,520K",5.20%,24.10%,1,-50%,-66.70%,,,,,,,42,-67,31,101.40%,1.70%,0%,95117
"San Jose, CA - Blackford",Aug-16,"$1,075K",,,2,,,2,,,,,,15,,,102.40%,,,95117
"San Jose, CA - Blackford",Sep-16,"$1,075K",0%,,2,0%,,1,-50%,,,,,15,0,,102.40%,0%,,95117
"San Jose, CA - Blackford",Oct-16,"$1,075K",0%,8%,2,0%,0%,,,,,,,15,0,-10,102.40%,0%,-2.40%,95117
"San Jose, CA - Bonita-24th",Jan-12,$330K,-1.50%,8.20%,2,-33.30%,-60%,3,0%,200%,1,0%,0%,15,4,-128,103.60%,0.80%,9.10%,95116
"San Jose, CA - Bonita-24th",Feb-12,$330K,0%,-3.60%,2,0%,0%,3,0%,50%,2,100%,,15,0,-70,103.60%,0%,7.50%,95116
"San Jose, CA - Bonita-24th",Mar-12,$300K,-9.10%,-4.10%,1,-50%,-50%,1,-66.70%,-66.70%,1,-50%,0%,40,25,22,100%,-3.50%,4.30%,95116
"San Jose, CA - Bonita-24th",Apr-12,$300K,0%,-4.10%,1,0%,-50%,1,0%,-66.70%,1,0%,0%,40,0,22,100%,0%,4.30%,95116
"San Jose, CA - Bonita-24th",May-12,$300K,0%,13%,1,0%,0%,,,,1,0%,0%,40,0,30,100%,0%,-1.20%,95116
"San Jose, CA - Bonita-24th",Jul-12,$495K,,33.80%,1,,0%,2,,0%,,,,13,,-46,99%,,6.50%,95116
"San Jose, CA - Bonita-24th",Aug-12,$473K,-4.50%,27.70%,2,100%,100%,2,0%,0%,,,,11,-3,-49,100.80%,1.80%,8.20%,95116
"San Jose, CA - Bonita-24th",Sep-12,$473K,0%,39%,2,0%,0%,6,200%,200%,4,,300%,11,0,-49,100.80%,0%,8.80%,95116
"San Jose, CA - Bonita-24th",Oct-12,$450K,-4.80%,25.90%,1,-50%,-50%,4,-33.30%,100%,3,-25%,,8,-3,0,102.50%,1.80%,6.20%,95116
"San Jose, CA - Bonita-24th",Nov-12,$350K,-22.20%,-2.10%,4,300%,100%,4,0%,33.30%,,,,45,37,37,101.50%,-1%,5.20%,95116
"San Jose, CA - Bonita-24th",Dec-12,$350K,0%,4.50%,4,0%,33.30%,,,,,,,45,0,34,101.50%,0%,-1.30%,95116
"San Jose, CA - Bonita-24th",Jan-13,$350K,0%,6.10%,4,0%,100%,1,,-66.70%,1,,0%,45,0,30,101.50%,0%,-2.10%,95116
"San Jose, CA - Bonita-24th",Feb-13,$388K,10.90%,17.60%,1,-75%,-50%,2,100%,-33.30%,1,0%,-50%,14,-31,-1,107.80%,6.30%,4.20%,95116
"San Jose, CA - Bonita-24th",Mar-13,$388K,0%,29.30%,1,0%,0%,2,0%,100%,1,0%,0%,14,0,-26,107.80%,0%,7.70%,95116
"San Jose, CA - Bonita-24th",Apr-13,$388K,0%,29.30%,1,0%,0%,2,0%,100%,2,100%,100%,14,0,-26,107.80%,0%,7.70%,95116
"San Jose, CA - Bonita-24th",May-13,$490K,26.30%,63.30%,1,0%,0%,3,50%,,2,0%,100%,6,-8,-34,108.90%,1.10%,8.90%,95116
"San Jose, CA - Bonita-24th",Jun-13,$490K,0%,,1,0%,,3,0%,,1,-50%,,6,0,,108.90%,0%,,95116
"San Jose, CA - Bonita-24th",Jul-13,$495K,1%,0%,2,100%,100%,3,0%,50%,2,100%,,10,4,-4,100.30%,-8.60%,1.30%,95116
"San Jose, CA - Bonita-24th",Aug-13,$500K,1%,5.80%,1,-50%,-50%,1,-66.70%,-50%,2,0%,,13,4,3,91.70%,-8.60%,-9%,95116
"San Jose, CA - Bonita-24th",Sep-13,$500K,0%,5.80%,1,0%,-50%,1,0%,-83.30%,2,0%,-50%,13,0,3,91.70%,0%,-9%,95116
"San Jose, CA - Bonita-24th",Jan-14,$555K,,58.60%,1,,-75%,2,,100%,1,,0%,45,,0,99.30%,,-2.20%,95116
"San Jose, CA - Bonita-24th",Feb-14,$555K,0%,43%,1,0%,0%,1,-50%,-50%,,,,45,0,31,99.30%,0%,-8.50%,95116
"San Jose, CA - Bonita-24th",Mar-14,$546K,-1.70%,40.60%,2,100%,100%,,,,,,,47,2,33,88.20%,-11.10%,-19.60%,95116
"San Jose, CA - Bonita-24th",Apr-14,$536K,-1.70%,38.10%,1,-50%,0%,1,,-50%,1,,-50%,48,2,34,77.10%,-11.10%,-30.70%,95116
"San Jose, CA - Bonita-24th",May-14,$669K,24.80%,36.50%,2,100%,100%,3,200%,0%,2,100%,0%,27,-21,21,92.10%,15%,-16.80%,95116
"San Jose, CA - Bonita-24th",Jun-14,$802K,19.90%,63.70%,1,-50%,0%,4,33.30%,33.30%,2,0%,100%,6,-21,0,107.10%,15%,-1.80%,95116
"San Jose, CA - Bonita-24th",Jul-14,$802K,0%,62%,3,200%,50%,3,-25%,0%,1,-50%,-50%,11,5,2,99.80%,-7.30%,-0.60%,95116
"San Jose, CA - Bonita-24th",Aug-14,$765K,-4.60%,53%,2,-33.30%,100%,1,-66.70%,0%,1,0%,-50%,20,9,7,96.10%,-3.70%,4.40%,95116
"San Jose, CA - Bonita-24th",Sep-14,$765K,0%,53%,2,0%,100%,,,,1,0%,-50%,20,0,7,96.10%,0%,4.40%,95116
"San Jose, CA - Bonita-24th",Aug-15,$600K,,-21.60%,2,,0%,3,,200%,1,,0%,14,,-6,100%,,3.90%,95116
"San Jose, CA - Bonita-24th",Sep-15,$600K,0%,-21.60%,2,0%,0%,2,-33.30%,,1,0%,0%,14,0,-6,100%,0%,3.90%,95116
"San Jose, CA - Bonita-24th",Oct-15,$600K,0%,,2,0%,,,,,1,0%,,14,0,,100%,0%,,95116
"San Jose, CA - Bonita-24th",Mar-16,$493K,,,2,,,1,,,,,,117,,,100.20%,,,95116
"San Jose, CA - Bonita-24th",Apr-16,$493K,0%,,2,0%,,1,0%,,,,,117,0,,100.20%,0%,,95116
"San Jose, CA - Bonita-24th",May-16,$493K,0%,,2,0%,,1,0%,,,,,117,0,,100.20%,0%,,95116
"San Jose, CA - Bonita-24th",Jun-16,$655K,33%,,1,-50%,,1,0%,,,,,7,-110,,109.40%,9.20%,,95116
"San Jose, CA - Bonita-24th",Jul-16,$655K,0%,,1,0%,,,,,,,,7,0,,109.40%,0%,,95116
"San Jose, CA - Bonita-24th",Aug-16,$655K,0%,9.20%,1,0%,-50%,,,,,,,7,0,-7,109.40%,0%,9.40%,95116
"San Jose, CA - Branham-Jarvis",Oct-12,$620K,,,1,,,,,,,,,12,,,104.20%,,,95118
"San Jose, CA - Branham-Jarvis",Nov-12,$620K,0%,,1,0%,,,,,,,,12,0,,104.20%,0%,,95118
"San Jose, CA - Branham-Jarvis",Dec-12,$620K,0%,,1,0%,,,,,,,,12,0,,104.20%,0%,,95118
"San Jose, CA - Branham-Jarvis",Aug-16,$900K,,,1,,,,,,,,,112,,,100.10%,,,95118
"San Jose, CA - Branham-Jarvis",Sep-16,$900K,0%,,1,0%,,,,,,,,112,0,,100.10%,0%,,95118
"San Jose, CA - Branham-Jarvis",Oct-16,$900K,0%,,1,0%,,,,,,,,112,0,,100.10%,0%,,95118
"San Jose, CA - Branham-Jarvis",Dec-16,"$1,070K",,,1,,,1,,,,,,15,,,107.20%,,,95118
"San Jose, CA - Branham-Kirk",Aug-13,$750K,,,1,,,1,,,,,,23,,,102%,,,95118
"San Jose, CA - Branham-Kirk",Sep-13,$750K,0%,,1,0%,,,,,,,,23,0,,102%,0%,,95118
"San Jose, CA - Branham-Kirk",Oct-13,$750K,0%,,1,0%,,,,,,,,23,0,,102%,0%,,95118
"San Jose, CA - Bucknall",Feb-13,$788K,,,1,,,1,,,,,,16,,,112.60%,,,95130
"San Jose, CA - Bucknall",Mar-13,$788K,0%,,1,0%,,1,0%,,,,,16,0,,112.60%,0%,,95130
"San Jose, CA - Bucknall",Apr-13,$788K,0%,,1,0%,,,,,,,,16,0,,112.60%,0%,,95130
"San Jose, CA - Buena Vista",Jan-12,$495K,0%,,1,0%,,,,,,,,89,0,,100%,0%,,95126
"San Jose, CA - Buena Vista",Feb-12,$460K,-7.10%,,1,0%,,,,,,,,231,142,,95.80%,-4.20%,,95126
"San Jose, CA - Buena Vista",Mar-12,$460K,0%,,1,0%,,1,,,1,,,231,0,,95.80%,0%,,95126
"San Jose, CA - Buena Vista",Apr-12,$460K,0%,69.10%,1,0%,0%,2,100%,0%,2,100%,0%,231,0,189,95.80%,0%,-9.20%,95126
"San Jose, CA - Buena Vista",Jun-12,$410K,,50.70%,1,,0%,1,,,,,,19,,-23,120.60%,,15.60%,95126
"San Jose, CA - Buena Vista",Jul-12,$428K,4.30%,,2,100%,,,,,,,,66,47,,109.20%,-11.40%,,95126
"San Jose, CA - Buena Vista",Aug-12,$428K,0%,,2,0%,,,,,,,,66,0,,109.20%,0%,,95126
"San Jose, CA - Buena Vista",Sep-12,$445K,4.10%,,1,-50%,,,,,,,,112,47,,97.80%,-11.40%,,95126
"San Jose, CA - Buena Vista",Oct-12,$348K,-21.90%,,1,0%,,2,,,1,,,8,-104,,74.70%,-23.10%,,95126
"San Jose, CA - Buena Vista",Nov-12,$348K,0%,-29.80%,1,0%,0%,2,0%,,1,0%,,8,0,-81,74.70%,0%,-25.30%,95126
"San Jose, CA - Buena Vista",Dec-12,$348K,0%,-29.80%,1,0%,0%,2,0%,,1,0%,,8,0,-81,74.70%,0%,-25.30%,95126
"San Jose, CA - Buena Vista",May-13,$700K,,,1,,,2,,,2,,,143,,,100%,,,95126
"San Jose, CA - Buena Vista",Jun-13,$700K,0%,70.70%,1,0%,0%,2,0%,100%,1,-50%,,143,0,124,100%,0%,-20.60%,95126
"San Jose, CA - Buena Vista",Jul-13,$700K,0%,63.70%,1,0%,-50%,1,-50%,,1,0%,,143,0,78,100%,0%,-9.20%,95126
"San Jose, CA - Buena Vista",Oct-13,$400K,,15.10%,1,,0%,,,,,,,132,,124,76.20%,,1.50%,95126
"San Jose, CA - Buena Vista",Nov-13,$400K,0%,15.10%,1,0%,0%,,,,,,,132,0,124,76.20%,0%,1.50%,95126
"San Jose, CA - Buena Vista",Dec-13,$400K,0%,15.10%,1,0%,0%,,,,,,,132,0,124,76.20%,0%,1.50%,95126
"San Jose, CA - Buena Vista",Feb-15,$900K,,,1,,,1,,,1,,,16,,,112.50%,,,95126
"San Jose, CA - Buena Vista",Mar-15,$900K,0%,,1,0%,,1,0%,,,,,16,0,,112.50%,0%,,95126
"San Jose, CA - Buena Vista",Apr-15,$900K,0%,,1,0%,,,,,,,,16,0,,112.50%,0%,,95126
"San Jose, CA - Buena Vista",Dec-15,"$1,350K",,,1,,,,,,,,,206,,,100%,,,95126
"San Jose, CA - Buena Vista",Jan-16,"$1,350K",0%,,1,0%,,,,,,,,206,0,,100%,0%,,95126
"San Jose, CA - Buena Vista",Feb-16,"$1,350K",0%,50%,1,0%,0%,,,,,,,206,0,190,100%,0%,-12.50%,95126
"San Jose, CA - Calabazas North",Aug-12,$923K,,,1,,,1,,,,,,16,,,102.60%,,,95129
"San Jose, CA - Calabazas North",Sep-12,$923K,0%,,1,0%,,1,0%,,,,,16,0,,102.60%,0%,,95129
"San Jose, CA - Calabazas North",Oct-12,$923K,0%,,1,0%,,,,,,,,16,0,,102.60%,0%,,95129
"San Jose, CA - Calabazas North",Sep-14,"$1,647K",,,1,,,2,,,,,,18,,,103%,,,95129
"San Jose, CA - Calabazas North",Oct-14,"$1,647K",0%,,1,0%,,2,0%,,,,,18,0,,103%,0%,,95129
"San Jose, CA - Calabazas North",Nov-14,"$2,272K",37.90%,,3,200%,,3,50%,,1,,,18,0,,103.50%,0.50%,,95129
"San Jose, CA - Calabazas North",Dec-14,"$2,272K",0%,,3,0%,,2,-33.30%,,,,,19,1,,109.50%,6%,,95129
"San Jose, CA - Calabazas North",Jan-15,"$2,272K",0%,,3,0%,,1,-50%,,,,,19,0,,109.50%,0%,,95129
"San Jose, CA - Calabazas North",Feb-15,"$1,815K",-20.10%,,1,-66.70%,,,,,,,,21,2,,121%,11.50%,,95129
"San Jose, CA - Calabazas North",Apr-15,"$1,752K",,,1,,,1,,,,,,15,,,125.10%,,,95129
"San Jose, CA - Calabazas North",May-15,"$1,752K",0%,,2,100%,,1,0%,,,,,15,0,,125.10%,0%,,95129
"San Jose, CA - Calabazas North",Jun-15,"$1,752K",0%,,2,0%,,,,,,,,15,0,,125.10%,0%,,95129
"San Jose, CA - Calabazas North",Jul-15,"$1,752K",0%,,1,-50%,,,,,,,,,,,,,,95129
"San Jose, CA - Cambrian",Mar-12,$771K,,69.50%,1,,0%,1,,-66.70%,,,,328,,74,99.50%,,2.70%,95124
"San Jose, CA - Cambrian",Apr-12,$771K,0%,23.30%,1,0%,-66.70%,1,0%,-66.70%,,,,328,0,287,99.50%,0%,1.80%,95124
"San Jose, CA - Cambrian",May-12,$771K,0%,20.90%,1,0%,-50%,1,0%,0%,,,,328,0,303,99.50%,0%,1.30%,95124
"San Jose, CA - Cambrian",Jul-12,$801K,,,1,,,1,,,1,,,17,,,100.30%,,,95124
"San Jose, CA - Cambrian",Aug-12,$801K,0%,,1,0%,,1,0%,,1,0%,,17,0,,100.30%,0%,,95124
"San Jose, CA - Cambrian",Sep-12,$801K,0%,,1,0%,,,,,1,0%,,17,0,,100.30%,0%,,95124
"San Jose, CA - Cambrian",Nov-12,$631K,,,1,,,,,,,,,107,,,98.70%,,,95124
"San Jose, CA - Cambrian",Dec-12,$646K,2.30%,,2,100%,,1,,,,,,60,-47,,96.60%,-2.20%,,95124
"San Jose, CA - Cambrian",Jan-13,$646K,0%,,2,0%,,1,0%,,,,,60,0,,96.60%,0%,,95124
"San Jose, CA - Cambrian",Feb-13,$660K,2.20%,,1,-50%,,1,0%,,,,,13,-47,,94.40%,-2.20%,,95124
"San Jose, CA - Cambrian",Mar-13,$780K,18.20%,1.20%,1,0%,0%,1,0%,0%,,,,8,-5,-320,104.10%,9.70%,4.70%,95124
"San Jose, CA - Cambrian",Apr-13,$780K,0%,1.20%,1,0%,0%,1,0%,0%,,,,8,0,-320,104.10%,0%,4.70%,95124
"San Jose, CA - Cambrian",May-13,$780K,0%,1.20%,1,0%,0%,2,100%,100%,,,,8,0,-320,104.10%,0%,4.70%,95124
"San Jose, CA - Cambrian",Jun-13,$750K,-3.80%,,1,0%,,1,-50%,,,,,17,9,,102.80%,-1.40%,,95124
"San Jose, CA - Cambrian",Jul-13,$750K,0%,-6.40%,1,0%,0%,1,0%,0%,,,,17,0,0,102.80%,0%,2.50%,95124
"San Jose, CA - Cambrian",Aug-13,$750K,0%,-6.40%,1,0%,0%,,,,,,,17,0,0,102.80%,0%,2.50%,95124
"San Jose, CA - Cambrian",Jul-14,$785K,,4.70%,2,,100%,3,,200%,1,,,12,,-5,101.30%,,-1.40%,95124
"San Jose, CA - Cambrian",Aug-14,$785K,0%,4.70%,2,0%,100%,3,0%,,1,0%,,12,0,-5,101.30%,0%,-1.40%,95124
"San Jose, CA - Cambrian",Sep-14,$785K,0%,,2,0%,,,,,1,0%,,12,0,,101.30%,0%,,95124
"San Jose, CA - Cambrian",Nov-14,"$1,015K",,,1,,,1,,,1,,,7,,,116%,,,95124
"San Jose, CA - Cambrian",Dec-14,"$1,015K",0%,,1,0%,,1,0%,,1,0%,,7,0,,116%,0%,,95124
"San Jose, CA - Cambrian",Jan-15,"$1,015K",0%,,1,0%,,,,,,,,7,0,,116%,0%,,95124
"San Jose, CA - Cambrian",Apr-15,"$1,300K",,,1,,,2,,,1,,,31,,,103.30%,,,95124
"San Jose, CA - Cambrian",May-15,"$1,300K",0%,,1,0%,,1,-50%,,,,,31,0,,103.30%,0%,,95124
"San Jose, CA - Cambrian",Jun-15,"$1,173K",-9.80%,,2,100%,,1,0%,,,,,29,-2,,99.20%,-4%,,95124
"San Jose, CA - Cambrian",Jul-15,"$1,045K",-10.90%,33.10%,1,-50%,-50%,1,0%,-66.70%,1,,0%,27,-2,15,95.20%,-4%,-6.20%,95124
"San Jose, CA - Cambrian",Aug-15,"$1,045K",0%,33.10%,1,0%,-50%,1,0%,-66.70%,1,0%,0%,27,0,15,95.20%,0%,-6.20%,95124
"San Jose, CA - Cambrian",Oct-15,"$1,073K",,,1,,,,,,,,,63,,,98.50%,,,95124
"San Jose, CA - Cambrian",Nov-15,"$1,073K",0%,5.70%,1,0%,0%,1,,0%,1,,0%,63,0,56,98.50%,0%,-17.50%,95124
"San Jose, CA - Cambrian",Dec-15,"$1,073K",0%,5.70%,1,0%,0%,1,0%,0%,1,0%,0%,63,0,56,98.50%,0%,-17.50%,95124
"San Jose, CA - Cambrian",Jan-16,"$1,025K",-4.50%,1%,1,0%,0%,1,0%,,,,,64,1,57,97.60%,-0.90%,-18.40%,95124
"San Jose, CA - Cambrian",Feb-16,"$1,025K",0%,,1,0%,,,,,,,,64,0,,97.60%,0%,,95124
"San Jose, CA - Cambrian",Mar-16,"$1,025K",0%,,1,0%,,,,,,,,64,0,,97.60%,0%,,95124
"San Jose, CA - Cambrian",Jun-16,"$1,056K",,-9.90%,1,,-50%,1,,0%,,,,57,,28,96.10%,,-3.10%,95124
"San Jose, CA - Cambrian",Jul-16,"$1,056K",0%,1.10%,1,0%,0%,,,,,,,57,0,30,96.10%,0%,0.90%,95124
"San Jose, CA - Cambrian",Aug-16,"$1,056K",0%,1.10%,1,0%,0%,,,,,,,57,0,30,96.10%,0%,0.90%,95124
"San Jose, CA - Cambrian-Pioneer",Jan-12,$638K,-1.90%,5%,6,20%,-14.30%,1,-85.70%,-90%,4,-20%,-63.60%,21,2,-24,98%,-1.70%,-1.50%,95118
"San Jose, CA - Cambrian-Pioneer",Feb-12,$643K,0.80%,12.80%,6,0%,-25%,,,,1,-75%,-90.90%,22,1,-3,97.30%,-0.70%,-1.40%,95118
"San Jose, CA - Cambrian-Pioneer",Mar-12,$693K,7.80%,24.90%,5,-16.70%,-50%,1,,-87.50%,1,0%,-85.70%,152,130,135,95.50%,-1.80%,-4.10%,95118
"San Jose, CA - Cambrian-Pioneer",Apr-12,$693K,0%,20.50%,4,-20%,-55.60%,1,0%,-87.50%,1,0%,-88.90%,167,15,151,97%,1.50%,-1.50%,95118
"San Jose, CA - Cambrian-Pioneer",May-12,$693K,0%,20.50%,3,-25%,-62.50%,1,0%,-80%,1,0%,-88.90%,313,146,285,96%,-1%,-1.50%,95118
"San Jose, CA - Cambrian-Pioneer",Jun-12,$876K,26.40%,51%,1,-66.70%,-85.70%,1,0%,-80%,,,,11,-302,-23,103.10%,7.10%,6.10%,95118
"San Jose, CA - Cambrian-Pioneer",Jul-12,$876K,0%,52.90%,1,0%,-87.50%,4,300%,0%,1,,-80%,11,0,-183,103.10%,0%,6%,95118
"San Jose, CA - Cambrian-Pioneer",Aug-12,$876K,0%,50.50%,1,0%,-85.70%,4,0%,-20%,1,0%,-83.30%,11,0,-83,103.10%,0%,4%,95118
"San Jose, CA - Cambrian-Pioneer",Sep-12,$632K,-27.90%,-10.50%,1,0%,-83.30%,4,0%,-33.30%,2,100%,-66.70%,2,-9,-43,100.20%,-2.80%,0.40%,95118
"San Jose, CA - Cambrian-Pioneer",Oct-12,$632K,0%,-18.70%,3,200%,-25%,4,0%,-60%,1,-50%,-90%,7,5,-13,102%,1.80%,0.70%,95118
"San Jose, CA - Cambrian-Pioneer",Nov-12,$669K,5.80%,-7.10%,5,66.70%,150%,8,100%,0%,3,200%,-57.10%,13,6,-19,102.30%,0.30%,-1.70%,95118
"San Jose, CA - Cambrian-Pioneer",Dec-12,$669K,0%,2.90%,7,40%,40%,8,0%,14.30%,1,-66.70%,-80%,19,6,-1,100.30%,-2%,0.60%,95118
"San Jose, CA - Cambrian-Pioneer",Jan-13,$685K,2.40%,7.50%,7,0%,16.70%,7,-12.50%,600%,3,200%,-25%,23,5,2,99.20%,-1.10%,1.20%,95118
"San Jose, CA - Cambrian-Pioneer",Feb-13,$795K,16.10%,23.70%,8,14.30%,33.30%,4,-42.90%,,1,-66.70%,0%,30,7,8,98.90%,-0.20%,1.60%,95118
"San Jose, CA - Cambrian-Pioneer",Mar-13,$818K,2.90%,18%,7,-12.50%,40%,5,25%,400%,2,100%,100%,23,-7,-129,102.60%,3.70%,7.10%,95118
"San Jose, CA - Cambrian-Pioneer",Apr-13,$857K,4.80%,23.70%,6,-14.30%,50%,4,-20%,300%,1,-50%,0%,22,-2,-146,104.40%,1.80%,7.40%,95118
"San Jose, CA - Cambrian-Pioneer",May-13,$860K,0.40%,24.10%,5,-16.70%,66.70%,4,0%,300%,1,0%,0%,18,-4,-295,104.60%,0.20%,8.60%,95118
"San Jose, CA - Cambrian-Pioneer",Jun-13,$894K,3.90%,2%,4,-20%,300%,4,0%,300%,2,100%,,13,-5,2,101%,-3.60%,-2.10%,95118
"San Jose, CA - Cambrian-Pioneer",Jul-13,$902K,1%,3%,4,0%,300%,5,25%,25%,2,0%,100%,13,0,2,100.70%,-0.30%,-2.40%,95118
"San Jose, CA - Cambrian-Pioneer",Aug-13,$858K,-4.90%,-2%,4,0%,300%,8,60%,100%,6,200%,500%,13,-1,2,101.40%,0.70%,-1.60%,95118
"San Jose, CA - Cambrian-Pioneer",Sep-13,$815K,-5%,29%,4,0%,300%,13,62.50%,225%,7,16.70%,250%,17,4,15,102.60%,1.20%,2.40%,95118
"San Jose, CA - Cambrian-Pioneer",Oct-13,$770K,-5.50%,21.80%,6,50%,100%,12,-7.70%,200%,4,-42.90%,300%,17,0,10,99.90%,-2.70%,-2.10%,95118
"San Jose, CA - Cambrian-Pioneer",Nov-13,$790K,2.60%,18.10%,7,16.70%,40%,8,-33.30%,0%,3,-25%,0%,16,-1,3,98.50%,-1.40%,-3.80%,95118
"San Jose, CA - Cambrian-Pioneer",Dec-13,$803K,1.60%,20%,7,0%,0%,2,-75%,-75%,1,-66.70%,0%,16,0,-3,98.10%,-0.40%,-2.20%,95118
"San Jose, CA - Cambrian-Pioneer",Jan-14,$869K,8.30%,26.90%,6,-14.30%,-14.30%,1,-50%,-85.70%,1,0%,-66.70%,22,6,-2,99.30%,1.20%,0.10%,95118
"San Jose, CA - Cambrian-Pioneer",Feb-14,$920K,5.90%,15.70%,3,-50%,-62.50%,6,500%,50%,3,200%,200%,24,3,-6,101%,1.70%,2%,95118
"San Jose, CA - Cambrian-Pioneer",Mar-14,$910K,-1.10%,11.20%,3,0%,-57.10%,5,-16.70%,0%,1,-66.70%,-50%,24,0,1,100.50%,-0.50%,-2.10%,95118
"San Jose, CA - Cambrian-Pioneer",Apr-14,$935K,2.70%,9.10%,5,66.70%,-16.70%,5,0%,25%,1,0%,0%,10,-14,-12,103.70%,3.20%,-0.70%,95118
"San Jose, CA - Cambrian-Pioneer",May-14,$935K,0%,8.70%,5,0%,0%,2,-60%,-50%,3,200%,200%,10,0,-8,103.70%,0%,-0.90%,95118
"San Jose, CA - Cambrian-Pioneer",Jun-14,$990K,5.90%,10.80%,5,0%,25%,4,100%,0%,3,0%,50%,10,0,-3,103.70%,0%,2.70%,95118
"San Jose, CA - Cambrian-Pioneer",Jul-14,"$1,020K",3%,13.10%,3,-40%,-25%,8,100%,60%,5,66.70%,150%,10,0,-3,105.90%,2.20%,5.20%,95118
"San Jose, CA - Cambrian-Pioneer",Aug-14,$960K,-5.90%,11.90%,4,33.30%,0%,7,-12.50%,-12.50%,2,-60%,-66.70%,17,7,4,104.40%,-1.50%,3%,95118
"San Jose, CA - Cambrian-Pioneer",Sep-14,$978K,1.80%,19.90%,6,50%,50%,9,28.60%,-30.80%,5,150%,-28.60%,15,-2,-2,104.40%,0%,1.80%,95118
"San Jose, CA - Cambrian-Pioneer",Oct-14,"$1,055K",7.90%,37%,7,16.70%,16.70%,8,-11.10%,-33.30%,4,-20%,0%,14,-1,-3,105.10%,0.70%,5.20%,95118
"San Jose, CA - Cambrian-Pioneer",Nov-14,"$1,036K",-1.80%,31.10%,8,14.30%,14.30%,9,12.50%,12.50%,2,-50%,-33.30%,13,-2,-4,106.50%,1.40%,7.90%,95118
"San Jose, CA - Cambrian-Pioneer",Dec-14,"$1,013K",-2.20%,26.20%,8,0%,14.30%,5,-44.40%,150%,1,-50%,0%,14,1,-3,105.80%,-0.60%,7.80%,95118
"San Jose, CA - Cambrian-Pioneer",Jan-15,$988K,-2.50%,13.60%,6,-25%,0%,3,-40%,200%,,,,22,8,0,103.60%,-2.30%,4.30%,95118
"San Jose, CA - Cambrian-Pioneer",Feb-15,"$1,040K",5.30%,13%,6,0%,100%,1,-66.70%,-83.30%,,,,22,0,-3,99.90%,-3.70%,-1.10%,95118
"San Jose, CA - Cambrian-Pioneer",Mar-15,"$1,080K",3.80%,18.70%,3,-50%,0%,4,300%,-20%,2,,100%,51,30,27,99%,-0.90%,-1.50%,95118
"San Jose, CA - Cambrian-Pioneer",Apr-15,"$1,178K",9.10%,26%,3,0%,-40%,5,25%,0%,3,50%,200%,11,-40,1,102.20%,3.20%,-1.50%,95118
"San Jose, CA - Cambrian-Pioneer",May-15,"$1,398K",18.60%,49.50%,2,-33.30%,-60%,8,60%,300%,3,0%,0%,11,0,1,107.90%,5.70%,4.20%,95118
"San Jose, CA - Cambrian-Pioneer",Jun-15,"$1,335K",-4.50%,34.80%,3,50%,-40%,7,-12.50%,75%,2,-33.30%,-33.30%,20,9,10,105.30%,-2.60%,1.60%,95118
"San Jose, CA - Cambrian-Pioneer",Jul-15,"$1,203K",-9.90%,17.90%,6,100%,100%,8,14.30%,0%,4,100%,-20%,29,9,19,104.20%,-1.10%,-1.70%,95118
"San Jose, CA - Cambrian-Pioneer",Aug-15,"$1,195K",-0.60%,24.50%,6,0%,50%,6,-25%,-14.30%,2,-50%,0%,29,0,13,106.60%,2.40%,2.20%,95118
"San Jose, CA - Cambrian-Pioneer",Sep-15,"$1,190K",-0.40%,21.70%,5,-16.70%,-16.70%,5,-16.70%,-44.40%,2,0%,-60%,29,0,14,107.90%,1.30%,3.50%,95118
"San Jose, CA - Cambrian-Pioneer",Oct-15,"$1,165K",-2.10%,10.40%,3,-40%,-57.10%,4,-20%,-50%,2,0%,-50%,8,-21,-6,104.20%,-3.70%,-0.90%,95118
"San Jose, CA - Cambrian-Pioneer",Nov-15,"$1,450K",24.50%,40%,3,0%,-62.50%,4,0%,-55.60%,2,0%,0%,13,5,1,97.50%,-6.70%,-8.90%,95118
"San Jose, CA - Cambrian-Pioneer",Dec-15,"$1,308K",-9.80%,29.10%,4,33.30%,-50%,4,0%,-20%,1,-50%,0%,10,-3,-4,99.10%,1.50%,-6.80%,95118
"San Jose, CA - Cambrian-Pioneer",Jan-16,"$1,190K",-9%,20.50%,2,-50%,-66.70%,5,25%,66.70%,3,200%,,10,0,-12,100.50%,1.40%,-3.10%,95118
"San Jose, CA - Cambrian-Pioneer",Feb-16,"$1,210K",1.70%,16.30%,2,0%,-66.70%,4,-20%,300%,2,-33.30%,,32,22,10,101.80%,1.30%,1.90%,95118
"San Jose, CA - Cambrian-Pioneer",Mar-16,"$1,320K",9.10%,22.20%,3,50%,0%,5,25%,25%,2,0%,0%,39,8,-12,95.30%,-6.50%,-3.70%,95118
"San Jose, CA - Cambrian-Pioneer",Apr-16,"$1,353K",2.50%,14.80%,4,33.30%,33.30%,4,-20%,-20%,3,50%,0%,39,0,28,96.50%,1.20%,-5.70%,95118
"San Jose, CA - Cambrian-Pioneer",May-16,"$1,285K",-5%,-8.10%,4,0%,100%,6,50%,-25%,4,33.30%,33.30%,21,-18,10,99.90%,3.40%,-8%,95118
"San Jose, CA - Cambrian-Pioneer",Jun-16,"$1,318K",2.50%,-1.30%,2,-50%,-33.30%,7,16.70%,0%,5,25%,150%,10,-11,-10,106.80%,6.90%,1.50%,95118
"San Jose, CA - Cambrian-Pioneer",Jul-16,"$1,340K",1.70%,11.40%,3,50%,-50%,5,-28.60%,-37.50%,2,-60%,-50%,33,23,4,103.60%,-3.20%,-0.60%,95118
"San Jose, CA - Cambrian-Pioneer",Aug-16,"$1,154K",-13.90%,-3.40%,5,66.70%,-16.70%,4,-20%,-33.30%,,,,40,7,11,99.60%,-4%,-7%,95118
"San Jose, CA - Cambrian-Pioneer",Sep-16,"$1,247K",8.10%,4.80%,6,20%,20%,1,-75%,-80%,,,,37,-4,8,99.60%,0.10%,-8.20%,95118
"San Jose, CA - Cambrian-Pioneer",Oct-16,"$1,121K",-10.10%,-3.80%,4,-33.30%,33.30%,1,0%,-75%,,,,31,-6,23,100.20%,0.50%,-4%,95118
"San Jose, CA - Cambrian-Pioneer",Nov-16,"$1,292K",15.30%,-10.90%,2,-50%,-33.30%,2,100%,-50%,,,,5,-26,-8,104%,3.80%,6.50%,95118
"San Jose, CA - Cambrian-Pioneer",Dec-16,"$1,129K",-12.60%,-13.70%,2,0%,-50%,2,0%,-50%,,,,10,5,0,107.60%,3.60%,8.50%,95118
"San Jose, CA - Carlton",Apr-14,"$1,049K",,,1,,,1,,,,,,10,,,116.70%,,,95136
"San Jose, CA - Carlton",May-14,"$1,049K",0%,,1,0%,,,,,,,,10,0,,116.70%,0%,,95136
"San Jose, CA - Carlton",Jun-14,"$1,049K",0%,,1,0%,,,,,,,,10,0,,116.70%,0%,,95136
"San Jose, CA - Carlton",Oct-14,"$1,302K",,,1,,,1,,,,,,6,,,108.90%,,,95136
"San Jose, CA - Carlton",Nov-14,"$1,302K",0%,,1,0%,,1,0%,,,,,6,0,,108.90%,0%,,95136
"San Jose, CA - Carlton",Dec-14,"$1,302K",0%,,1,0%,,,,,,,,6,0,,108.90%,0%,,95136
"San Jose, CA - Central San Jose",Jan-12,$380K,-2.80%,23.80%,25,8.70%,4.20%,25,-7.40%,0%,22,-8.30%,-45%,107,43,52,96.50%,-2.40%,1.70%,95113
"San Jose, CA - Central San Jose",Feb-12,$380K,0%,5.80%,23,-8%,-11.50%,23,-8%,-32.40%,16,-27.30%,-61.90%,115,8,87,97.10%,0.50%,-2.40%,95113
"San Jose, CA - Central San Jose",Mar-12,$385K,1.30%,7.50%,21,-8.70%,-27.60%,18,-21.70%,-53.80%,14,-12.50%,-64.10%,45,-70,7,97.90%,0.90%,-1.30%,95113
"San Jose, CA - Central San Jose",Apr-12,$381K,-1.20%,6.30%,18,-14.30%,-37.90%,19,5.60%,-52.50%,14,0%,-67.40%,45,0,1,97.50%,-0.40%,-2%,95113
"San Jose, CA - Central San Jose",May-12,$410K,7.80%,18.80%,17,-5.60%,-26.10%,24,26.30%,-31.40%,15,7.10%,-60.50%,34,-12,-23,99.90%,2.40%,2.90%,95113
"San Jose, CA - Central San Jose",Jun-12,$449K,9.50%,19.70%,15,-11.80%,-21.10%,22,-8.30%,-26.70%,11,-26.70%,-70.30%,15,-19,-69,99.70%,-0.20%,4%,95113
"San Jose, CA - Central San Jose",Jul-12,$460K,2.40%,24.30%,17,13.30%,-19%,22,0%,-24.10%,12,9.10%,-69.20%,13,-2,-49,100.50%,0.80%,2.60%,95113
"San Jose, CA - Central San Jose",Aug-12,$460K,0%,27.60%,18,5.90%,-18.20%,20,-9.10%,-31%,13,8.30%,-63.90%,13,-1,-54,102.10%,1.50%,5.60%,95113
"San Jose, CA - Central San Jose",Sep-12,$450K,-2.20%,25%,13,-27.80%,-43.50%,28,40%,-12.50%,18,38.50%,-35.70%,13,1,-49,100.70%,-1.40%,3.10%,95113
"San Jose, CA - Central San Jose",Oct-12,$460K,2.20%,19.30%,14,7.70%,-30%,34,21.40%,21.40%,20,11.10%,-23.10%,9,-4,-7,99%,-1.70%,0.40%,95113
"San Jose, CA - Central San Jose",Nov-12,$499K,8.50%,27.60%,19,35.70%,0%,30,-11.80%,15.40%,13,-35%,-48%,15,6,-49,99%,0%,1.60%,95113
"San Jose, CA - Central San Jose",Dec-12,$472K,-5.40%,20.70%,26,36.80%,13%,25,-16.70%,-7.40%,8,-38.50%,-66.70%,15,0,-49,99.70%,0.70%,0.90%,95113
"San Jose, CA - Central San Jose",Jan-13,$520K,10.20%,36.80%,24,-7.70%,-4%,19,-24%,-24%,12,50%,-45.50%,23,8,-84,100.80%,1%,4.30%,95113
"San Jose, CA - Central San Jose",Feb-13,$525K,1%,38.20%,23,-4.20%,0%,23,21.10%,0%,11,-8.30%,-31.30%,19,-5,-96,103.90%,3.10%,6.80%,95113
"San Jose, CA - Central San Jose",Mar-13,$540K,2.90%,40.30%,18,-21.70%,-14.30%,29,26.10%,61.10%,17,54.50%,21.40%,17,-2,-28,106.80%,2.90%,8.90%,95113
"San Jose, CA - Central San Jose",Apr-13,$550K,1.90%,44.50%,19,5.60%,5.60%,42,44.80%,121.10%,26,52.90%,85.70%,14,-3,-31,106.50%,-0.30%,9%,95113
"San Jose, CA - Central San Jose",May-13,$600K,9.10%,46.30%,20,5.30%,17.60%,49,16.70%,104.20%,25,-3.80%,66.70%,14,-1,-20,102.90%,-3.60%,2.90%,95113
"San Jose, CA - Central San Jose",Jun-13,$600K,0%,33.60%,24,20%,60%,45,-8.20%,104.50%,27,8%,145.50%,16,3,1,100.80%,-2.10%,1.10%,95113
"San Jose, CA - Central San Jose",Jul-13,$600K,0%,30.40%,24,0%,41.20%,44,-2.20%,100%,35,29.60%,191.70%,22,6,9,100.80%,0%,0.20%,95113
"San Jose, CA - Central San Jose",Aug-13,$548K,-8.80%,19%,24,0%,33.30%,40,-9.10%,100%,29,-17.10%,123.10%,19,-4,6,100.80%,0%,-1.30%,95113
"San Jose, CA - Central San Jose",Sep-13,$553K,1%,22.90%,27,12.50%,107.70%,39,-2.50%,39.30%,31,6.90%,72.20%,13,-6,0,103.20%,2.50%,2.60%,95113
"San Jose, CA - Central San Jose",Oct-13,$535K,-3.30%,16.30%,25,-7.40%,78.60%,23,-41%,-32.40%,25,-19.40%,25%,14,1,5,102.10%,-1.10%,3.10%,95113
"San Jose, CA - Central San Jose",Nov-13,$530K,-0.90%,6.20%,19,-24%,0%,16,-30.40%,-46.70%,20,-20%,53.80%,44,30,29,100.90%,-1.20%,1.90%,95113
"San Jose, CA - Central San Jose",Dec-13,$531K,0.20%,12.50%,18,-5.30%,-30.80%,16,0%,-36%,13,-35%,62.50%,101,57,86,95.10%,-5.80%,-4.60%,95113
"San Jose, CA - Central San Jose",Jan-14,$596K,12.20%,14.60%,21,16.70%,-12.50%,25,56.30%,31.60%,16,23.10%,33.30%,76,-25,53,98.50%,3.40%,-2.30%,95113
"San Jose, CA - Central San Jose",Feb-14,$606K,1.70%,15.40%,26,23.80%,13%,28,12%,21.70%,17,6.30%,54.50%,30,-46,12,98.40%,-0.10%,-5.40%,95113
"San Jose, CA - Central San Jose",Mar-14,$580K,-4.30%,7.40%,21,-19.20%,16.70%,29,3.60%,0%,15,-11.80%,-11.80%,22,-8,5,99.50%,1%,-7.30%,95113
"San Jose, CA - Central San Jose",Apr-14,$590K,1.70%,7.30%,19,-9.50%,0%,24,-17.20%,-42.90%,19,26.70%,-26.90%,14,-8,0,99.70%,0.20%,-6.80%,95113
"San Jose, CA - Central San Jose",May-14,$683K,15.70%,13.80%,20,5.30%,0%,26,8.30%,-46.90%,17,-10.50%,-32%,15,1,1,101.60%,1.90%,-1.20%,95113
"San Jose, CA - Central San Jose",Jun-14,$695K,1.80%,15.80%,22,10%,-8.30%,29,11.50%,-35.60%,23,35.30%,-14.80%,16,2,0,100.60%,-1%,-0.20%,95113
"San Jose, CA - Central San Jose",Jul-14,$675K,-2.90%,12.50%,23,4.50%,-4.20%,36,24.10%,-18.20%,31,34.80%,-11.40%,17,1,-5,99.20%,-1.40%,-1.50%,95113
"San Jose, CA - Central San Jose",Aug-14,$630K,-6.70%,15.10%,15,-34.80%,-37.50%,35,-2.80%,-12.50%,34,9.70%,17.20%,17,0,-2,98.90%,-0.40%,-1.90%,95113
"San Jose, CA - Central San Jose",Sep-14,$663K,5.20%,19.80%,14,-6.70%,-48.10%,33,-5.70%,-15.40%,37,8.80%,19.40%,15,-2,2,100.70%,1.90%,-2.50%,95113
"San Jose, CA - Central San Jose",Oct-14,$663K,0.10%,23.90%,15,7.10%,-40%,26,-21.20%,13%,31,-16.20%,24%,25,10,11,99.80%,-0.90%,-2.30%,95113
"San Jose, CA - Central San Jose",Nov-14,$680K,2.60%,28.30%,15,0%,-21.10%,24,-7.70%,50%,29,-6.50%,45%,57,32,13,97.90%,-1.90%,-3%,95113
"San Jose, CA - Central San Jose",Dec-14,$710K,4.40%,33.70%,19,26.70%,5.60%,21,-12.50%,31.30%,22,-24.10%,69.20%,91,34,-11,99.90%,2.10%,4.80%,95113
"San Jose, CA - Central San Jose",Jan-15,$680K,-4.20%,14.10%,21,10.50%,0%,20,-4.80%,-20%,18,-18.20%,12.50%,79,-12,3,99.70%,-0.20%,1.20%,95113
"San Jose, CA - Central San Jose",Feb-15,$679K,-0.20%,12%,26,23.80%,0%,21,5%,-25%,16,-11.10%,-5.90%,57,-22,27,100.30%,0.60%,1.90%,95113
"San Jose, CA - Central San Jose",Mar-15,$608K,-10.50%,4.70%,24,-7.70%,14.30%,19,-9.50%,-34.50%,13,-18.80%,-13.30%,40,-17,18,100%,-0.40%,0.50%,95113
"San Jose, CA - Central San Jose",Apr-15,$730K,20.20%,23.70%,23,-4.20%,21.10%,22,15.80%,-8.30%,12,-7.70%,-36.80%,18,-22,4,102.30%,2.40%,2.60%,95113
"San Jose, CA - Central San Jose",May-15,$785K,7.50%,15%,22,-4.30%,10%,23,4.50%,-11.50%,14,16.70%,-17.60%,25,7,11,102.40%,0.10%,0.80%,95113
"San Jose, CA - Central San Jose",Jun-15,$780K,-0.60%,12.20%,23,4.50%,4.50%,34,47.80%,17.20%,18,28.60%,-21.70%,18,-7,2,101.20%,-1.20%,0.70%,95113
"San Jose, CA - Central San Jose",Jul-15,$755K,-3.20%,11.90%,22,-4.30%,-4.30%,34,0%,-5.60%,15,-16.70%,-51.60%,18,0,1,101.30%,0.10%,2.10%,95113
"San Jose, CA - Central San Jose",Aug-15,$705K,-6.60%,11.90%,22,0%,46.70%,33,-2.90%,-5.70%,18,20%,-47.10%,17,-1,0,100%,-1.30%,1.10%,95113
"San Jose, CA - Central San Jose",Sep-15,$700K,-0.70%,5.70%,17,-22.70%,21.40%,26,-21.20%,-21.20%,15,-16.70%,-59.50%,24,7,9,99.30%,-0.70%,-1.40%,95113
"San Jose, CA - Central San Jose",Oct-15,$713K,1.80%,7.50%,17,0%,13.30%,21,-19.20%,-19.20%,16,6.70%,-48.40%,19,-5,-6,98.30%,-1%,-1.50%,95113
"San Jose, CA - Central San Jose",Nov-15,$720K,1.10%,5.90%,19,11.80%,26.70%,20,-4.80%,-16.70%,16,0%,-44.80%,28,9,-29,99.30%,1%,1.40%,95113
"San Jose, CA - Central San Jose",Dec-15,$825K,14.60%,16.20%,21,10.50%,10.50%,11,-45%,-47.60%,11,-31.30%,-50%,28,0,-63,99.30%,-0.10%,-0.70%,95113
"San Jose, CA - Central San Jose",Jan-16,$802K,-2.80%,17.90%,17,-19%,-19%,15,36.40%,-25%,13,18.20%,-27.80%,41,13,-38,99.30%,0%,-0.40%,95113
"San Jose, CA - Central San Jose",Feb-16,$826K,3%,21.70%,10,-41.20%,-61.50%,13,-13.30%,-38.10%,13,0%,-18.80%,39,-3,-19,99.10%,-0.20%,-1.30%,95113
"San Jose, CA - Central San Jose",Mar-16,$680K,-17.70%,11.90%,13,30%,-45.80%,20,53.80%,5.30%,10,-23.10%,-23.10%,41,3,1,101.40%,2.30%,1.40%,95113
"San Jose, CA - Central San Jose",Apr-16,$690K,1.50%,-5.50%,14,7.70%,-39.10%,23,15%,4.50%,15,50%,25%,31,-10,13,102.80%,1.50%,0.50%,95113
"San Jose, CA - Central San Jose",May-16,$723K,4.70%,-8%,16,14.30%,-27.30%,30,30.40%,30.40%,20,33.30%,42.90%,21,-10,-4,103.20%,0.30%,0.70%,95113
"San Jose, CA - Central San Jose",Jun-16,$823K,13.80%,5.40%,13,-18.80%,-43.50%,29,-3.30%,-14.70%,20,0%,11.10%,9,-12,-9,104.90%,1.70%,3.60%,95113
"San Jose, CA - Central San Jose",Jul-16,$878K,6.70%,16.20%,10,-23.10%,-54.50%,24,-17.20%,-29.40%,16,-20%,6.70%,9,0,-9,104.50%,-0.40%,3.10%,95113
"San Jose, CA - Central San Jose",Aug-16,$860K,-2%,22%,16,60%,-27.30%,16,-33.30%,-51.50%,11,-31.30%,-38.90%,20,11,3,104.30%,-0.20%,4.30%,95113
"San Jose, CA - Central San Jose",Sep-16,$780K,-9.30%,11.40%,15,-6.30%,-11.80%,13,-18.80%,-50%,10,-9.10%,-33.30%,34,14,10,103.20%,-1.10%,3.90%,95113
"San Jose, CA - Central San Jose",Oct-16,$775K,-0.60%,8.80%,18,20%,5.90%,17,30.80%,-19%,14,40%,-12.50%,48,15,29,103.30%,0.20%,5%,95113
"San Jose, CA - Central San Jose",Nov-16,$743K,-4.20%,3.10%,10,-44.40%,-47.40%,19,11.80%,-5%,16,14.30%,0%,25,-24,-4,103.90%,0.60%,4.60%,95113
"San Jose, CA - Central San Jose",Dec-16,$700K,-5.70%,-15.20%,19,90%,-9.50%,17,-10.50%,54.50%,6,-62.50%,-45.50%,46,22,18,100.80%,-3.10%,1.50%,95113
"San Jose, CA - Crossgate",Jul-12,$800K,,,1,,,1,,,,,,21,,,97%,,,95120
"San Jose, CA - Crossgate",Aug-12,$800K,0%,,1,0%,,,,,,,,21,0,,97%,0%,,95120
"San Jose, CA - Crossgate",Sep-12,$800K,0%,,1,0%,,,,,,,,21,0,,97%,0%,,95120
"San Jose, CA - Crossgate",Nov-13,$953K,,,1,,,1,,,,,,24,,,100.30%,,,95120
"San Jose, CA - Crossgate",Dec-13,$953K,0%,,1,0%,,,,,,,,24,0,,100.30%,0%,,95120
"San Jose, CA - Crossgate",Jan-14,$953K,0%,,1,0%,,,,,,,,24,0,,100.30%,0%,,95120
"San Jose, CA - Crossgate",Apr-14,"$1,030K",,,1,,,1,,,,,,32,,,104.20%,,,95120
"San Jose, CA - Crossgate",May-14,"$1,030K",0%,,1,0%,,,,,,,,32,0,,104.20%,0%,,95120
"San Jose, CA - Crossgate",Jun-14,"$1,030K",0%,,1,0%,,,,,,,,32,0,,104.20%,0%,,95120
"San Jose, CA - Crossgate",Mar-16,"$1,300K",,,1,,,,,,,,,37,,,100.90%,,,95120
"San Jose, CA - Crossgate",Apr-16,"$1,300K",0%,,1,0%,,,,,,,,37,0,,100.90%,0%,,95120
"San Jose, CA - Crossgate",May-16,"$1,300K",0%,,1,0%,,,,,,,,37,0,,100.90%,0%,,95120
"San Jose, CA - Cypress-Jurdo",Feb-14,$872K,,,1,,,1,,,1,,,10,,,109.10%,,,95117
"San Jose, CA - Cypress-Jurdo",Mar-14,$872K,0%,,1,0%,,1,0%,,1,0%,,10,0,,109.10%,0%,,95117
"San Jose, CA - Cypress-Jurdo",Apr-14,$810K,-7.10%,,2,100%,,1,0%,,,,,110,100,,105.80%,-3.30%,,95117
"San Jose, CA - Cypress-Jurdo",May-14,$748K,-7.70%,,1,-50%,,,,,,,,209,100,,102.50%,-3.30%,,95117
"San Jose, CA - Cypress-Jurdo",Jun-14,$748K,0%,,1,0%,,,,,,,,209,0,,102.50%,0%,,95117
"San Jose, CA - Cypress-Jurdo",Nov-14,$741K,,,1,,,1,,,,,,49,,,97.60%,,,95117
"San Jose, CA - Cypress-Jurdo",Dec-14,$741K,0%,,1,0%,,1,0%,,,,,49,0,,97.60%,0%,,95117
"San Jose, CA - Cypress-Jurdo",Jan-15,$741K,0%,,1,0%,,,,,,,,49,0,,97.60%,0%,,95117
"San Jose, CA - Cypress-Jurdo",Oct-16,"$1,002K",,,2,,,1,,,,,,62,,,97.80%,,,95117
"San Jose, CA - Cypress-Jurdo",Nov-16,"$1,002K",0%,,2,0%,,1,0%,,,,,62,0,,97.80%,0%,,95117
"San Jose, CA - Cypress-Jurdo",Dec-16,"$1,002K",0%,,2,0%,,1,0%,,,,,62,0,,97.80%,0%,,95117
"San Jose, CA - Downtown San Jose",Jan-12,$413K,8.60%,35.20%,6,20%,-45.50%,10,0%,-37.50%,11,-8.30%,-47.60%,128,-21,77,99.90%,-7.50%,5.20%,95113
"San Jose, CA - Downtown San Jose",Feb-12,$445K,7.90%,21.90%,7,16.70%,-53.30%,6,-40%,-60%,10,-9.10%,-41.20%,107,-21,81,98.50%,-1.40%,-2.90%,95113
"San Jose, CA - Downtown San Jose",Mar-12,$505K,13.50%,40.30%,4,-42.90%,-73.30%,8,33.30%,-42.90%,9,-10%,-35.70%,38,-69,-18,104.40%,5.90%,3.30%,95113
"San Jose, CA - Downtown San Jose",Apr-12,$385K,-23.80%,7.20%,5,25%,-68.80%,9,12.50%,-35.70%,7,-22.20%,-58.80%,33,-5,-43,100.70%,-3.70%,-0.60%,95113
"San Jose, CA - Downtown San Jose",May-12,$385K,0%,4.80%,7,40%,-41.70%,14,55.60%,16.70%,7,0%,-30%,16,-17,-54,100.50%,-0.20%,4%,95113
"San Jose, CA - Downtown San Jose",Jun-12,$410K,6.50%,5.80%,11,57.10%,-8.30%,12,-14.30%,20%,5,-28.60%,-37.50%,11,-6,-63,97.70%,-2.70%,0.50%,95113
"San Jose, CA - Downtown San Jose",Jul-12,$493K,20.10%,23.10%,12,9.10%,9.10%,10,-16.70%,0%,4,-20%,-60%,12,1,-48,99%,1.20%,1.50%,95113
"San Jose, CA - Downtown San Jose",Aug-12,$532K,8%,62.40%,10,-16.70%,42.90%,6,-40%,-40%,5,25%,-54.50%,14,3,-45,99.80%,0.80%,2.70%,95113
"San Jose, CA - Downtown San Jose",Sep-12,$473K,-11.10%,46%,6,-40%,100%,7,16.70%,-46.20%,6,20%,-45.50%,19,5,-15,98.30%,-1.50%,0.30%,95113
"San Jose, CA - Downtown San Jose",Oct-12,$473K,0%,31.70%,4,-33.30%,100%,10,42.90%,-9.10%,7,16.70%,-46.20%,9,-10,-1,101.40%,3.10%,-10%,95113
"San Jose, CA - Downtown San Jose",Nov-12,$517K,9.30%,32.20%,6,50%,500%,10,0%,-23.10%,4,-42.90%,-73.30%,10,1,-1,101%,-0.50%,-32.80%,95113
"San Jose, CA - Downtown San Jose",Dec-12,$566K,9.50%,48.90%,9,50%,80%,9,-10%,-10%,1,-75%,-91.70%,11,1,-138,100.80%,-0.10%,-6.60%,95113
"San Jose, CA - Downtown San Jose",Jan-13,$700K,23.70%,69.70%,7,-22.20%,16.70%,6,-33.30%,-40%,3,200%,-72.70%,15,4,-113,99.60%,-1.20%,-0.30%,95113
"San Jose, CA - Downtown San Jose",Feb-13,$566K,-19.10%,27.20%,7,0%,0%,8,33.30%,33.30%,2,-33.30%,-80%,15,0,-92,105.40%,5.80%,6.90%,95113
"San Jose, CA - Downtown San Jose",Mar-13,$475K,-16.10%,-5.90%,5,-28.60%,25%,12,50%,50%,4,100%,-55.60%,11,-4,-27,110.20%,4.80%,5.80%,95113
"San Jose, CA - Downtown San Jose",Apr-13,$600K,26.30%,55.80%,7,40%,40%,19,58.30%,111.10%,11,175%,57.10%,15,4,-18,107.70%,-2.50%,7%,95113
"San Jose, CA - Downtown San Jose",May-13,$535K,-10.80%,39%,7,0%,0%,19,0%,35.70%,9,-18.20%,28.60%,25,10,9,100.80%,-6.80%,0.40%,95113
"San Jose, CA - Downtown San Jose",Jun-13,$585K,9.30%,42.70%,8,14.30%,-27.30%,19,0%,58.30%,13,44.40%,160%,34,10,24,98.50%,-2.40%,0.70%,95113
"San Jose, CA - Downtown San Jose",Jul-13,$535K,-8.50%,8.60%,7,-12.50%,-41.70%,17,-10.50%,70%,15,15.40%,275%,49,15,38,96.70%,-1.80%,-2.30%,95113
"San Jose, CA - Downtown San Jose",Aug-13,$555K,3.70%,4.30%,9,28.60%,-10%,21,23.50%,250%,13,-13.30%,160%,21,-28,7,101.70%,5%,1.90%,95113
"San Jose, CA - Downtown San Jose",Sep-13,$553K,-0.40%,16.90%,13,44.40%,116.70%,20,-4.80%,185.70%,13,0%,116.70%,12,-9,-7,108.70%,7%,10.40%,95113
"San Jose, CA - Downtown San Jose",Oct-13,$531K,-3.90%,12.30%,14,7.70%,250%,15,-25%,50%,12,-7.70%,71.40%,11,-1,2,108.70%,0%,7.20%,95113
"San Jose, CA - Downtown San Jose",Nov-13,$528K,-0.70%,2%,11,-21.40%,83.30%,7,-53.30%,-30%,7,-41.70%,75%,12,1,2,107.40%,-1.20%,6.50%,95113
"San Jose, CA - Downtown San Jose",Dec-13,$500K,-5.20%,-11.70%,9,-18.20%,0%,4,-42.90%,-55.60%,5,-28.60%,400%,96,84,85,96.60%,-10.80%,-4.20%,95113
"San Jose, CA - Downtown San Jose",Jan-14,$535K,7%,-23.60%,10,11.10%,42.90%,8,100%,33.30%,10,100%,233.30%,107,11,92,97.90%,1.30%,-1.70%,95113
"San Jose, CA - Downtown San Jose",Feb-14,$583K,9%,3%,10,0%,42.90%,12,50%,50%,12,20%,500%,101,-6,86,99.30%,1.40%,-6.10%,95113
"San Jose, CA - Downtown San Jose",Mar-14,$526K,-9.80%,10.70%,5,-50%,0%,13,8.30%,8.30%,8,-33.30%,100%,71,-31,60,102.50%,3.20%,-7.70%,95113
"San Jose, CA - Downtown San Jose",Apr-14,$683K,29.80%,13.80%,6,20%,-14.30%,9,-30.80%,-52.60%,9,12.50%,-18.20%,17,-54,2,102.40%,0%,-5.20%,95113
"San Jose, CA - Downtown San Jose",May-14,$650K,-4.80%,21.50%,9,50%,28.60%,9,0%,-52.60%,10,11.10%,11.10%,13,-4,-12,101.20%,-1.20%,0.40%,95113
"San Jose, CA - Downtown San Jose",Jun-14,$600K,-7.70%,2.60%,10,11.10%,25%,11,22.20%,-42.10%,10,0%,-23.10%,15,2,-19,100.70%,-0.50%,2.20%,95113
"San Jose, CA - Downtown San Jose",Jul-14,$615K,2.50%,15%,10,0%,42.90%,17,54.50%,0%,15,50%,0%,17,2,-32,99.90%,-0.80%,3.30%,95113
"San Jose, CA - Downtown San Jose",Aug-14,$623K,1.20%,12.20%,6,-40%,-33.30%,18,5.90%,-14.30%,18,20%,38.50%,20,3,-2,100.70%,0.80%,-1%,95113
"San Jose, CA - Downtown San Jose",Sep-14,$675K,8.40%,22.10%,9,50%,-30.80%,15,-16.70%,-25%,14,-22.20%,7.70%,20,1,8,101%,0.40%,-7.60%,95113
"San Jose, CA - Downtown San Jose",Oct-14,$730K,8.10%,37.40%,7,-22.20%,-50%,10,-33.30%,-33.30%,12,-14.30%,0%,20,0,9,101.90%,0.80%,-6.80%,95113
"San Jose, CA - Downtown San Jose",Nov-14,$730K,0%,38.40%,7,0%,-36.40%,7,-30%,0%,11,-8.30%,57.10%,34,14,22,99.80%,-2%,-7.60%,95113
"San Jose, CA - Downtown San Jose",Dec-14,$730K,0%,46%,7,0%,-22.20%,7,0%,75%,7,-36.40%,40%,73,39,-23,99.60%,-0.20%,3%,95113
"San Jose, CA - Downtown San Jose",Jan-15,$700K,-4.10%,30.80%,7,0%,-30%,6,-14.30%,-25%,7,0%,-30%,91,18,-16,96%,-3.60%,-1.90%,95113
"San Jose, CA - Downtown San Jose",Feb-15,$655K,-6.40%,12.30%,10,42.90%,0%,8,33.30%,-33.30%,9,28.60%,-25%,75,-17,-27,96.80%,0.70%,-2.50%,95113
"San Jose, CA - Downtown San Jose",Mar-15,$585K,-10.70%,11.20%,9,-10%,80%,8,0%,-38.50%,9,0%,12.50%,58,-17,-13,101%,4.20%,-1.50%,95113
"San Jose, CA - Downtown San Jose",Apr-15,$646K,10.30%,-5.40%,8,-11.10%,33.30%,12,50%,33.30%,9,0%,0%,46,-13,29,106.70%,5.70%,4.30%,95113
"San Jose, CA - Downtown San Jose",May-15,$825K,27.80%,26.90%,8,0%,-11.10%,14,16.70%,55.60%,10,11.10%,0%,45,-1,32,105.70%,-1%,4.50%,95113
"San Jose, CA - Downtown San Jose",Jun-15,$750K,-9.10%,25%,11,37.50%,10%,19,35.70%,72.70%,10,0%,0%,25,-20,10,100.30%,-5.40%,-0.40%,95113
"San Jose, CA - Downtown San Jose",Jul-15,$710K,-5.30%,15.40%,15,36.40%,50%,17,-10.50%,0%,7,-30%,-53.30%,25,0,8,98.70%,-1.60%,-1.20%,95113
"San Jose, CA - Downtown San Jose",Aug-15,$676K,-4.90%,8.50%,14,-6.70%,133.30%,17,0%,-5.60%,9,28.60%,-50%,26,1,7,97.40%,-1.30%,-3.30%,95113
"San Jose, CA - Downtown San Jose",Sep-15,$665K,-1.60%,-1.60%,8,-42.90%,-11.10%,15,-11.80%,0%,7,-22.20%,-50%,29,3,9,95%,-2.40%,-6.10%,95113
"San Jose, CA - Downtown San Jose",Oct-15,$713K,7.20%,-2.40%,7,-12.50%,0%,12,-20%,20%,7,0%,-41.70%,26,-3,6,96.30%,1.30%,-5.60%,95113
"San Jose, CA - Downtown San Jose",Nov-15,$713K,0%,-2.40%,9,28.60%,28.60%,8,-33.30%,14.30%,6,-14.30%,-45.50%,28,2,-6,101.10%,4.90%,1.30%,95113
"San Jose, CA - Downtown San Jose",Dec-15,$713K,0%,-2.40%,9,0%,28.60%,3,-62.50%,-57.10%,6,0%,-14.30%,28,0,-45,101.10%,0%,1.50%,95113
"San Jose, CA - Downtown San Jose",Jan-16,$728K,2.10%,3.90%,6,-33.30%,-14.30%,5,66.70%,-16.70%,6,0%,-14.30%,42,14,-49,100.20%,-0.90%,4.20%,95113
"San Jose, CA - Downtown San Jose",Feb-16,$670K,-7.90%,2.30%,2,-66.70%,-80%,7,40%,-12.50%,7,16.70%,-22.20%,57,15,-18,95.50%,-4.80%,-1.30%,95113
"San Jose, CA - Downtown San Jose",Mar-16,$700K,4.50%,19.70%,6,200%,-33.30%,9,28.60%,12.50%,4,-42.90%,-55.60%,28,-29,-30,102%,6.50%,1%,95113
"San Jose, CA - Downtown San Jose",Apr-16,$688K,-1.80%,6.50%,6,0%,-25%,7,-22.20%,-41.70%,4,0%,-55.60%,30,2,-16,104.50%,2.50%,-2.20%,95113
"San Jose, CA - Downtown San Jose",May-16,$745K,8.40%,-9.70%,5,-16.70%,-37.50%,10,42.90%,-28.60%,6,50%,-40%,15,-15,-30,107.90%,3.40%,2.20%,95113
"San Jose, CA - Downtown San Jose",Jun-16,$880K,18.10%,17.30%,5,0%,-54.50%,12,20%,-36.80%,7,16.70%,-30%,10,-5,-15,108.30%,0.40%,8%,95113
"San Jose, CA - Downtown San Jose",Jul-16,$885K,0.60%,24.60%,6,20%,-60%,14,16.70%,-17.60%,6,-14.30%,-14.30%,10,-1,-16,106.10%,-2.10%,7.40%,95113
"San Jose, CA - Downtown San Jose",Aug-16,$860K,-2.80%,27.30%,10,66.70%,-28.60%,9,-35.70%,-47.10%,5,-16.70%,-44.40%,12,3,-14,105.50%,-0.60%,8.10%,95113
"San Jose, CA - Downtown San Jose",Sep-16,$718K,-16.60%,8%,8,-20%,0%,7,-22.20%,-53.30%,5,0%,-28.60%,27,15,-2,104.90%,-0.60%,10%,95113
"San Jose, CA - Downtown San Jose",Oct-16,$780K,8.70%,9.50%,7,-12.50%,0%,8,14.30%,-33.30%,6,20%,-14.30%,26,-1,0,104.10%,-0.90%,7.80%,95113
"San Jose, CA - Downtown San Jose",Nov-16,$740K,-5.10%,3.90%,4,-42.90%,-55.60%,8,0%,0%,7,16.70%,16.70%,25,-2,-4,102.80%,-1.20%,1.70%,95113
"San Jose, CA - Downtown San Jose",Dec-16,$700K,-5.40%,-1.80%,9,125%,0%,7,-12.50%,133.30%,2,-71.40%,-66.70%,43,19,15,99.60%,-3.30%,-1.60%,95113
"San Jose, CA - East San Jose",Jan-12,$350K,5.90%,0.70%,7,16.70%,-41.70%,8,0%,-20%,2,-33.30%,0%,18,-7,-2,100.40%,-0.70%,0.10%,95148
"San Jose, CA - East San Jose",Feb-12,$310K,-11.40%,-11.40%,5,-28.60%,-54.50%,4,-50%,-63.60%,1,-50%,-83.30%,4,-14,-17,100.40%,0%,-0.60%,95148
"San Jose, CA - East San Jose",Mar-12,$310K,0%,-13.30%,3,-40%,-70%,3,-25%,-75%,1,0%,-80%,2,-2,-19,108.30%,7.90%,8.20%,95148
"San Jose, CA - East San Jose",Apr-12,$365K,17.70%,9.60%,5,66.70%,-16.70%,6,100%,-25%,3,200%,-25%,22,20,-104,105%,-3.30%,3.60%,95148
"San Jose, CA - East San Jose",May-12,$423K,15.80%,30.10%,6,20%,100%,6,0%,0%,1,-66.70%,-83.30%,11,-12,-11,103%,-2%,2.70%,95148
"San Jose, CA - East San Jose",Jun-12,$475K,12.20%,44.90%,7,16.70%,75%,8,33.30%,14.30%,1,0%,-83.30%,11,1,-49,104.80%,1.70%,6.60%,95148
"San Jose, CA - East San Jose",Jul-12,$551K,16.10%,64.50%,3,-57.10%,-25%,9,12.50%,12.50%,7,600%,40%,10,-1,-6,108.50%,3.80%,7.90%,95148
"San Jose, CA - East San Jose",Aug-12,$380K,-31%,18.80%,5,66.70%,-37.50%,9,0%,50%,2,-71.40%,-50%,16,6,-2,107.80%,-0.70%,6.10%,95148
"San Jose, CA - East San Jose",Sep-12,$393K,3.30%,20.80%,6,20%,0%,12,33.30%,140%,4,100%,0%,18,2,-2,106%,-1.90%,2.10%,95148
"San Jose, CA - East San Jose",Oct-12,$405K,3.20%,30.40%,7,16.70%,16.70%,7,-41.70%,16.70%,5,25%,0%,16,-2,-4,104.40%,-1.50%,0.20%,95148
"San Jose, CA - East San Jose",Nov-12,$410K,1.20%,16.80%,5,-28.60%,0%,9,28.60%,-10%,5,0%,25%,26,10,-1,105%,0.60%,-1.40%,95148
"San Jose, CA - East San Jose",Dec-12,$330K,-19.50%,-0.20%,5,0%,-16.70%,6,-33.30%,-25%,4,-20%,33.30%,9,-17,-16,100.50%,-4.50%,-0.60%,95148
"San Jose, CA - East San Jose",Jan-13,$398K,20.50%,13.60%,6,20%,-14.30%,5,-16.70%,-37.50%,2,-50%,0%,20,11,2,102.80%,2.30%,2.40%,95148
"San Jose, CA - East San Jose",Feb-13,$570K,43.40%,83.90%,4,-33.30%,-20%,4,-20%,0%,3,50%,200%,12,-8,8,99.70%,-3.10%,-0.70%,95148
"San Jose, CA - East San Jose",Mar-13,$506K,-11.20%,63.20%,5,25%,66.70%,4,0%,33.30%,4,33.30%,300%,123,111,121,100.30%,0.50%,-8.10%,95148
"San Jose, CA - East San Jose",Apr-13,$506K,0%,38.60%,3,-40%,-40%,6,50%,0%,5,25%,66.70%,137,14,115,97.30%,-3%,-7.70%,95148
"San Jose, CA - East San Jose",May-13,$523K,3.40%,23.70%,4,33.30%,-33.30%,5,-16.70%,-16.70%,4,-20%,300%,74,-64,63,100%,2.70%,-3.10%,95148
"San Jose, CA - East San Jose",Jun-13,$540K,3.30%,13.80%,1,-75%,-85.70%,3,-40%,-62.50%,4,0%,300%,8,-66,-3,108%,8%,3.20%,95148
"San Jose, CA - East San Jose",Jul-13,$540K,0%,-2%,1,0%,-66.70%,3,0%,-66.70%,4,0%,-42.90%,8,0,-2,108%,0%,-0.50%,95148
"San Jose, CA - East San Jose",Sep-13,$450K,,14.60%,1,,-83.30%,4,,-66.70%,4,,0%,2,,-16,100%,,-6%,95148
"San Jose, CA - East San Jose",Oct-13,$450K,0%,11.10%,1,0%,-85.70%,5,25%,-28.60%,7,75%,40%,2,0,-14,100%,0%,-4.40%,95148
"San Jose, CA - East San Jose",Nov-13,$470K,4.40%,14.60%,2,100%,-60%,8,60%,-11.10%,8,14.30%,60%,31,29,5,90.80%,-9.20%,-14.20%,95148
"San Jose, CA - East San Jose",Dec-13,$605K,28.70%,83.30%,2,0%,-60%,9,12.50%,50%,6,-25%,50%,37,6,28,92.30%,1.50%,-8.20%,95148
"San Jose, CA - East San Jose",Jan-14,$490K,-19%,23.30%,5,150%,-16.70%,9,0%,80%,5,-16.70%,150%,25,-12,5,98.40%,6.10%,-4.40%,95148
"San Jose, CA - East San Jose",Feb-14,$703K,43.40%,23.20%,8,60%,100%,9,0%,125%,8,60%,166.70%,16,-10,4,99.70%,1.30%,0%,95148
"San Jose, CA - East San Jose",Mar-14,$685K,-2.50%,35.40%,7,-12.50%,40%,11,22.20%,175%,8,0%,100%,17,2,-106,99.20%,-0.50%,-1%,95148
"San Jose, CA - East San Jose",Apr-14,$670K,-2.20%,32.40%,6,-14.30%,100%,10,-9.10%,66.70%,6,-25%,20%,15,-2,-122,98.10%,-1.20%,0.80%,95148
"San Jose, CA - East San Jose",May-14,$563K,-16%,7.60%,4,-33.30%,0%,8,-20%,60%,6,0%,50%,14,-1,-60,102.20%,4.10%,2.20%,95148
"San Jose, CA - East San Jose",Jun-14,$550K,-2.20%,1.90%,7,75%,600%,6,-25%,100%,7,16.70%,75%,19,5,11,101.20%,-0.90%,-6.80%,95148
"San Jose, CA - East San Jose",Jul-14,$553K,0.50%,2.30%,8,14.30%,700%,7,16.70%,133.30%,6,-14.30%,50%,46,27,38,102.20%,1%,-5.80%,95148
"San Jose, CA - East San Jose",Aug-14,$553K,0%,,10,25%,,10,42.90%,,10,66.70%,,50,4,,101.50%,-0.80%,,95148
"San Jose, CA - East San Jose",Sep-14,$580K,4.90%,28.80%,8,-20%,700%,11,10%,175%,8,-20%,100%,50,0,48,101.40%,-0.10%,1.40%,95148
"San Jose, CA - East San Jose",Oct-14,$599K,3.40%,33.10%,9,12.50%,800%,12,9.10%,140%,7,-12.50%,0%,32,-18,30,100.40%,-0.90%,0.40%,95148
"San Jose, CA - East San Jose",Nov-14,$540K,-9.90%,14.80%,9,0%,350%,8,-33.30%,0%,4,-42.90%,-50%,33,1,3,99.70%,-0.70%,8.90%,95148
"San Jose, CA - East San Jose",Dec-14,$540K,0%,-10.80%,11,22.20%,450%,5,-37.50%,-44.40%,3,-25%,-50%,30,-3,-7,101.40%,1.70%,9.10%,95148
"San Jose, CA - East San Jose",Jan-15,$535K,-0.70%,9.30%,8,-27.30%,60%,1,-80%,-88.90%,2,-33.30%,-60%,27,-3,2,100.80%,-0.60%,2.40%,95148
"San Jose, CA - East San Jose",Feb-15,$531K,-0.80%,-24.40%,5,-37.50%,-37.50%,4,300%,-55.60%,6,200%,-25%,24,-3,9,97.20%,-3.60%,-2.50%,95148
"San Jose, CA - East San Jose",Mar-15,$583K,9.60%,-15%,4,-20%,-42.90%,7,75%,-36.40%,4,-33.30%,-50%,29,5,12,94.30%,-2.90%,-4.90%,95148
"San Jose, CA - East San Jose",Apr-15,$560K,-3.90%,-16.40%,3,-25%,-50%,9,28.60%,-10%,5,25%,-16.70%,28,-1,13,94.40%,0.10%,-3.70%,95148
"San Jose, CA - East San Jose",May-15,$603K,7.60%,7.10%,6,100%,50%,9,0%,12.50%,6,20%,0%,55,27,41,99.30%,4.90%,-2.80%,95148
"San Jose, CA - East San Jose",Jun-15,$600K,-0.40%,9.10%,5,-16.70%,-28.60%,7,-22.20%,16.70%,6,0%,-14.30%,82,27,63,98.30%,-1%,-2.90%,95148
"San Jose, CA - East San Jose",Jul-15,$900K,50%,62.90%,7,40%,-12.50%,9,28.60%,28.60%,7,16.70%,16.70%,82,0,36,101.80%,3.50%,-0.40%,95148
"San Jose, CA - East San Jose",Aug-15,$938K,4.20%,69.70%,4,-42.90%,-60%,7,-22.20%,-30%,6,-14.30%,-40%,38,-45,-13,106%,4.20%,4.60%,95148
"San Jose, CA - East San Jose",Sep-15,$900K,-4%,55.30%,7,75%,-12.50%,7,0%,-36.40%,5,-16.70%,-37.50%,33,-5,-17,107.40%,1.30%,6%,95148
"San Jose, CA - East San Jose",Oct-15,$790K,-12.20%,31.90%,5,-28.60%,-44.40%,3,-57.10%,-75%,5,0%,-28.60%,33,0,1,106.10%,-1.30%,5.70%,95148
"San Jose, CA - East San Jose",Nov-15,$610K,-22.80%,13.10%,6,20%,-33.30%,3,0%,-62.50%,4,-20%,0%,45,12,12,104.20%,-2%,4.40%,95148
"San Jose, CA - East San Jose",Dec-15,$610K,0%,13.10%,2,-66.70%,-81.80%,2,-33.30%,-60%,2,-50%,-33.30%,121,76,91,98.20%,-5.90%,-3.20%,95148
"San Jose, CA - East San Jose",Jan-16,$550K,-9.80%,2.70%,4,100%,-50%,5,150%,400%,4,100%,100%,99,-23,72,98%,-0.20%,-2.80%,95148
"San Jose, CA - East San Jose",Feb-16,$550K,0%,3.50%,3,-25%,-40%,4,-20%,0%,4,0%,-33.30%,14,-85,-10,97.30%,-0.80%,0.10%,95148
"San Jose, CA - East San Jose",Mar-16,$550K,0%,-5.60%,3,0%,-25%,5,25%,-28.60%,4,0%,0%,14,0,-15,97.30%,0%,2.90%,95148
"San Jose, CA - East San Jose",Apr-16,"$1,080K",96.40%,92.90%,1,-66.70%,-66.70%,5,0%,-44.40%,5,25%,0%,14,0,-14,96.10%,-1.20%,1.70%,95148
"San Jose, CA - East San Jose",May-16,$615K,-43.10%,2.10%,1,0%,-83.30%,10,100%,11.10%,7,40%,16.70%,9,-5,-46,110%,13.90%,10.70%,95148
"San Jose, CA - East San Jose",Jun-16,$735K,19.50%,22.50%,4,300%,-20%,14,40%,100%,9,28.60%,50%,18,9,-65,101.90%,-8.10%,3.60%,95148
"San Jose, CA - East San Jose",Jul-16,$705K,-4.10%,-21.70%,7,75%,0%,14,0%,55.60%,7,-22.20%,0%,31,14,-51,100.70%,-1.20%,-1.10%,95148
"San Jose, CA - East San Jose",Aug-16,$668K,-5.30%,-28.80%,14,100%,250%,10,-28.60%,42.90%,3,-57.10%,-50%,54,23,17,98.10%,-2.60%,-8%,95148
"San Jose, CA - East San Jose",Sep-16,$654K,-2%,-27.30%,12,-14.30%,71.40%,6,-40%,-14.30%,1,-66.70%,-80%,54,0,21,97%,-1.10%,-10.40%,95148
"San Jose, CA - East San Jose",Oct-16,$660K,0.90%,-16.50%,9,-25%,80%,5,-16.70%,66.70%,3,200%,-40%,54,0,21,96.20%,-0.70%,-9.90%,95148
"San Jose, CA - East San Jose",Nov-16,$605K,-8.30%,-0.80%,2,-77.80%,-66.70%,5,0%,66.70%,5,66.70%,25%,13,-41,-32,97.30%,1.10%,-6.90%,95148
"San Jose, CA - East San Jose",Dec-16,$660K,9.10%,8.20%,1,-50%,-50%,6,20%,200%,7,40%,250%,13,0,-108,106.60%,9.30%,8.40%,95148
"San Jose, CA - Eden",May-14,$995K,,,1,,,2,,,1,,,12,,,107.60%,,,95113
"San Jose, CA - Eden",Jun-14,$995K,0%,,1,0%,,2,0%,,,,,12,0,,107.60%,0%,,95113
"San Jose, CA - Eden",Jul-14,"$1,023K",2.80%,,2,100%,,1,-50%,,,,,16,4,,106.50%,-1%,,95113
"San Jose, CA - Eden",Aug-14,"$1,050K",2.70%,,1,-50%,,,,,,,,20,4,,105.50%,-1%,,95113
"San Jose, CA - Eden",Sep-14,"$1,050K",0%,,1,0%,,,,,,,,20,0,,105.50%,0%,,95113
"San Jose, CA - Eden",Apr-15,"$1,048K",,,2,,,2,,,,,,13,,,105.40%,,,95113
"San Jose, CA - Eden",May-15,"$1,048K",0%,5.30%,2,0%,100%,1,-50%,-50%,,,,13,0,1,105.40%,0%,-2.10%,95113
"San Jose, CA - Eden",Jun-15,"$1,048K",0%,5.30%,2,0%,100%,,,,,,,13,0,1,105.40%,0%,-2.10%,95113
"San Jose, CA - Eden",Dec-15,"$1,135K",,,1,,,,,,,,,72,,,96.60%,,,95113
"San Jose, CA - Eden",Jan-16,"$1,135K",0%,,1,0%,,,,,,,,72,0,,96.60%,0%,,95113
"San Jose, CA - Eden",Feb-16,"$1,135K",0%,,1,0%,,,,,,,,72,0,,96.60%,0%,,95113
"San Jose, CA - Eden",Jun-16,"$1,000K",,-4.50%,1,,-50%,1,,,,,,79,,66,83.30%,,-22.10%,95113
"San Jose, CA - Eden",Jul-16,"$1,000K",0%,,1,0%,,,,,,,,79,0,,83.30%,0%,,95113
"San Jose, CA - Eden",Aug-16,"$1,000K",0%,,1,0%,,,,,,,,79,0,,83.30%,0%,,95113
"San Jose, CA - Erikson",Jun-12,$621K,,,2,,,2,,,,,,18,,,102%,,,95136
"San Jose, CA - Erikson",Jul-12,$621K,0%,,2,0%,,1,-50%,,,,,18,0,,102%,0%,,95136
"San Jose, CA - Erikson",Aug-12,$621K,0%,,2,0%,,,,,,,,18,0,,102%,0%,,95136
"San Jose, CA - Evergreen",Apr-16,$860K,,,1,,,1,,,,,,6,,,97.50%,,,95135
"San Jose, CA - Evergreen",May-16,$860K,0%,,1,0%,,1,0%,,,,,6,0,,97.50%,0%,,95135
"San Jose, CA - Evergreen",Jun-16,$860K,0%,,1,0%,,,,,,,,6,0,,97.50%,0%,,95135
"San Jose, CA - Evergreen",Nov-16,$968K,,,1,,,2,,,1,,,17,,,101.90%,,,95135
"San Jose, CA - Evergreen",Dec-16,$968K,0%,,1,0%,,1,-50%,,1,0%,,17,0,,101.90%,0%,,95135
"San Jose, CA - Great Oaks",Jun-12,$401K,,-19.90%,1,,0%,2,,100%,2,,0%,6,,-175,114.40%,,11.40%,95111
"San Jose, CA - Great Oaks",Jul-12,$534K,33.30%,22%,2,100%,0%,2,0%,0%,1,-50%,,6,-1,-88,112.80%,-1.60%,9.20%,95111
"San Jose, CA - Great Oaks",Aug-12,$534K,0%,27.80%,2,0%,0%,2,0%,0%,1,0%,,6,0,-199,112.80%,0%,9.60%,95111
"San Jose, CA - Great Oaks",Sep-12,$484K,-9.40%,15.80%,2,0%,0%,1,-50%,0%,,,,129,123,-76,115.90%,3%,12.60%,95111
"San Jose, CA - Great Oaks",Oct-12,$300K,-38%,-34.90%,1,-50%,0%,2,100%,100%,1,,,252,124,-151,120.50%,4.60%,18.10%,95111
"San Jose, CA - Great Oaks",Nov-12,$353K,17.50%,,2,100%,,2,0%,,1,0%,,128,-125,,110.90%,-9.60%,,95111
"San Jose, CA - Great Oaks",Dec-12,$405K,14.90%,,1,-50%,,2,0%,,,,,3,-125,,101.30%,-9.60%,,95111
"San Jose, CA - Great Oaks",Jan-13,$405K,0%,,1,0%,,1,-50%,,,,,3,0,,101.30%,0%,,95111
"San Jose, CA - Great Oaks",May-14,$625K,,,1,,,2,,,1,,,33,,,100%,,,95111
"San Jose, CA - Great Oaks",Jun-14,$625K,0%,,1,0%,,1,-50%,,1,0%,,33,0,,100%,0%,,95111
"San Jose, CA - Great Oaks",Jul-14,$625K,0%,,1,0%,,,,,1,0%,,33,0,,100%,0%,,95111
"San Jose, CA - Great Oaks",Jan-15,$868K,,,1,,,,,,1,,,149,,,97%,,,95111
"San Jose, CA - Great Oaks",Feb-15,$868K,0%,,1,0%,,,,,1,0%,,149,0,,97%,0%,,95111
"San Jose, CA - Great Oaks",Mar-15,$868K,0%,,1,0%,,,,,,,,149,0,,97%,0%,,95111
"San Jose, CA - Great Oaks",May-15,$720K,,15.20%,1,,0%,1,,-50%,,,,3,,-30,102.90%,,2.90%,95111
"San Jose, CA - Great Oaks",Jun-15,$720K,0%,15.20%,1,0%,0%,2,100%,100%,1,,0%,3,0,-30,102.90%,0%,2.90%,95111
"San Jose, CA - Great Oaks",Jul-15,$720K,0%,15.20%,1,0%,0%,2,0%,,1,0%,0%,3,0,-30,102.90%,0%,2.90%,95111
"San Jose, CA - Great Oaks",Sep-15,$910K,,,1,,,,,,,,,45,,,101.70%,,,95111
"San Jose, CA - Great Oaks",Oct-15,$910K,0%,,1,0%,,1,,,1,,,45,0,,101.70%,0%,,95111
"San Jose, CA - Great Oaks",Nov-15,$910K,0%,,1,0%,,1,0%,,,,,45,0,,101.70%,0%,,95111
"San Jose, CA - Great Oaks",Dec-15,$805K,-11.50%,,1,0%,,1,0%,,,,,32,-13,,95.30%,-6.40%,,95111
"San Jose, CA - Great Oaks",Jan-16,$805K,0%,-7.30%,1,0%,0%,,,,,,,32,0,-117,95.30%,0%,-1.70%,95111
"San Jose, CA - Great Oaks",Feb-16,$805K,0%,-7.30%,1,0%,0%,1,,,1,,0%,32,0,-117,95.30%,0%,-1.70%,95111
"San Jose, CA - Hillsdale",May-12,$692K,,,1,,,1,,,,,,5,,,108.30%,,,95124
"San Jose, CA - Hillsdale",Jun-12,$692K,0%,,1,0%,,,,,,,,5,0,,108.30%,0%,,95124
"San Jose, CA - Hillsdale",Jul-12,$692K,0%,,1,0%,,,,,,,,5,0,,108.30%,0%,,95124
"San Jose, CA - Hillsdale",Sep-13,$875K,,,1,,,,,,,,,46,,,97.20%,,,95124
"San Jose, CA - Hillsdale",Oct-13,$875K,0%,,1,0%,,,,,,,,46,0,,97.20%,0%,,95124
"San Jose, CA - Hillsdale",Nov-13,$875K,0%,,1,0%,,,,,,,,46,0,,97.20%,0%,,95124
"San Jose, CA - Holy Oaks",Nov-16,$968K,,,1,,,2,,,1,,,17,,,101.90%,,,95148
"San Jose, CA - Holy Oaks",Dec-16,$968K,0%,,1,0%,,1,-50%,,1,0%,,17,0,,101.90%,0%,,95148
"San Jose, CA - King & Story",Sep-15,$790K,,,1,,,1,,,,,,36,,,97.50%,,,95122
"San Jose, CA - King & Story",Oct-15,$790K,0%,,1,0%,,,,,,,,36,0,,97.50%,0%,,95122
"San Jose, CA - King & Story",Nov-15,$790K,0%,,1,0%,,,,,,,,36,0,,97.50%,0%,,95122
"San Jose, CA - Kooser",Feb-15,"$1,178K",,,1,,,,,,,,,230,,,95.80%,,,95118
"San Jose, CA - Kooser",Mar-15,"$1,178K",0%,,1,0%,,,,,,,,230,0,,95.80%,0%,,95118
"San Jose, CA - Kooser",Apr-15,"$1,178K",0%,,1,0%,,,,,,,,230,0,,95.80%,0%,,95118
"San Jose, CA - Kooser",May-16,"$1,250K",,,1,,,1,,,,,,10,,,113.60%,,,95118
"San Jose, CA - Kooser",Jun-16,"$1,250K",0%,,1,0%,,,,,,,,10,0,,113.60%,0%,,95118
"San Jose, CA - Kooser",Jul-16,"$1,250K",0%,,1,0%,,,,,,,,10,0,,113.60%,0%,,95118
"San Jose, CA - Loma Linda",Jan-12,$923K,-0.30%,8.50%,2,-33.30%,100%,2,0%,100%,,,,8,-1,-233,99.90%,0%,12.70%,95129
"San Jose, CA - Loma Linda",Feb-12,$920K,-0.30%,8.20%,1,-50%,0%,,,,,,,10,3,-230,96.80%,-3%,9.70%,95129
"San Jose, CA - Loma Linda",Nov-12,$985K,,5.10%,1,,-50%,,,,,,,125,,119,99.60%,,-1.90%,95129
"San Jose, CA - Loma Linda",Dec-12,"$1,043K",5.80%,12.70%,2,100%,-33.30%,1,,-50%,,,,71,-55,63,106.20%,6.60%,6.30%,95129
"San Jose, CA - Loma Linda",Jan-13,"$1,043K",0%,13%,2,0%,0%,1,0%,-50%,,,,71,0,63,106.20%,0%,6.30%,95129
"San Jose, CA - Loma Linda",Feb-13,"$1,100K",5.50%,19.60%,1,-50%,0%,1,0%,,,,,16,-55,6,112.80%,6.60%,16%,95129
"San Jose, CA - Loma Linda",Aug-13,"$1,120K",,,1,,,1,,,,,,37,,,95.30%,,,95129
"San Jose, CA - Loma Linda",Sep-13,"$1,120K",0%,,1,0%,,2,100%,,,,,37,0,,95.30%,0%,,95129
"San Jose, CA - Loma Linda",Oct-13,"$1,173K",4.70%,,2,100%,,1,-50%,,,,,24,-13,,103.60%,8.30%,,95129
"San Jose, CA - Loma Linda",Nov-13,"$1,226K",4.50%,24.40%,1,-50%,0%,1,0%,,,,,11,-13,-114,111.90%,8.30%,12.30%,95129
"San Jose, CA - Loma Linda",Dec-13,"$1,226K",0%,17.60%,1,0%,-50%,,,,,,,11,0,-60,111.90%,0%,5.70%,95129
"San Jose, CA - Loma Linda",Dec-14,"$1,514K",,23.50%,1,,0%,,,,,,,92,,81,100.90%,,-11%,95129
"San Jose, CA - Loma Linda",Jan-15,"$1,514K",0%,,1,0%,,,,,,,,92,0,,100.90%,0%,,95129
"San Jose, CA - Loma Linda",Feb-15,"$1,514K",0%,,1,0%,,,,,,,,92,0,,100.90%,0%,,95129
"San Jose, CA - Loma Linda",Jun-15,"$1,640K",,,1,,,2,,,1,,,23,,,113.10%,,,95129
"San Jose, CA - Loma Linda",Jul-15,"$1,640K",0%,,1,0%,,2,0%,,,,,23,0,,113.10%,0%,,95129
"San Jose, CA - Loma Linda",Aug-15,"$1,707K",4.10%,,2,100%,,1,-50%,,,,,23,-1,,119.90%,6.80%,,95129
"San Jose, CA - Loma Linda",Sep-15,"$1,773K",3.90%,,1,-50%,,,,,,,,22,-1,,126.60%,6.80%,,95129
"San Jose, CA - Loma Linda",Oct-15,"$1,773K",0%,,1,0%,,,,,,,,22,0,,126.60%,0%,,95129
"San Jose, CA - Loma Linda",Jul-16,"$1,900K",,15.90%,1,,0%,2,,0%,,,,16,,-7,101.70%,,-11.40%,95129
"San Jose, CA - Loma Linda",Aug-16,"$1,900K",0%,11.30%,1,0%,-50%,2,0%,100%,,,,16,0,-7,101.70%,0%,-18.20%,95129
"San Jose, CA - Loma Linda",Sep-16,"$1,838K",-3.30%,3.60%,2,100%,100%,1,-50%,,,,,16,0,-6,100.90%,-0.90%,-25.80%,95129
"San Jose, CA - Loma Linda",Oct-16,"$1,775K",-3.40%,0.10%,1,-50%,0%,,,,,,,16,0,-6,100%,-0.90%,-26.60%,95129
"San Jose, CA - Loma Linda",Nov-16,"$1,775K",0%,,1,0%,,,,,,,,16,0,,100%,0%,,95129
"San Jose, CA - Lone Bluff",Apr-12,$350K,,,1,,,1,,,,,,7,,,104.50%,,,95111
"San Jose, CA - Lone Bluff",May-12,$350K,0%,,1,0%,,1,0%,,,,,7,0,,104.50%,0%,,95111
"San Jose, CA - Lone Bluff",Jun-12,$350K,0%,,1,0%,,1,0%,,,,,7,0,,104.50%,0%,,95111
"San Jose, CA - Lone Bluff",Apr-13,$600K,,71.40%,1,,0%,1,,0%,,,,7,,0,104.30%,,-0.10%,95111
"San Jose, CA - Lone Bluff",May-13,$600K,0%,71.40%,1,0%,0%,1,0%,0%,,,,7,0,0,104.30%,0%,-0.10%,95111
"San Jose, CA - Lone Bluff",Jun-13,$600K,0%,71.40%,1,0%,0%,1,0%,0%,,,,7,0,0,104.30%,0%,-0.10%,95111
"San Jose, CA - Lone Bluff",Sep-13,$631K,,,1,,,11,,,4,,,14,,,102.90%,,,95111
"San Jose, CA - Lone Bluff",Oct-13,$631K,0%,,8,700%,,11,0%,,1,-75%,,14,0,,102.20%,-0.70%,,95111
"San Jose, CA - Lone Bluff",Nov-13,$631K,0%,,11,37.50%,,10,-9.10%,,3,200%,,20,6,,101.50%,-0.70%,,95111
"San Jose, CA - Lone Bluff",Dec-13,$625K,-0.90%,,12,9.10%,,5,-50%,,,,,20,0,,100.60%,-1%,,95111
"San Jose, CA - Lone Bluff",Jan-14,$625K,0%,,8,-33.30%,,6,20%,,1,,,18,-2,,99%,-1.60%,,95111
"San Jose, CA - Lone Bluff",Feb-14,$630K,0.80%,,5,-37.50%,,3,-50%,,1,0%,,16,-2,,98.50%,-0.50%,,95111
"San Jose, CA - Lone Bluff",Mar-14,$630K,0%,,3,-40%,,1,-66.70%,,1,0%,,3,-13,,100%,1.50%,,95111
"San Jose, CA - Lone Bluff",May-15,$628K,,,1,,,1,,,1,,,377,,,114.60%,,,95111
"San Jose, CA - Lone Bluff",Jun-15,$628K,0%,,1,0%,,1,0%,,,,,377,0,,114.60%,0%,,95111
"San Jose, CA - Lone Bluff",Jul-15,$604K,-3.80%,,2,100%,,1,0%,,,,,223,-155,,109.10%,-5.50%,,95111
"San Jose, CA - Lone Bluff",Aug-15,$580K,-4%,,1,-50%,,1,0%,,,,,68,-155,,103.60%,-5.50%,,95111
"San Jose, CA - Lone Bluff",Sep-15,$585K,0.90%,,2,100%,,2,100%,,1,,,39,-30,,103.10%,-0.50%,,95111
"San Jose, CA - Lone Bluff",Oct-15,$590K,0.90%,,1,-50%,,1,-50%,,1,0%,,9,-30,,102.60%,-0.50%,,95111
"San Jose, CA - Lone Bluff",Nov-15,$590K,0%,,1,0%,,1,0%,,1,0%,,9,0,,102.60%,0%,,95111
"San Jose, CA - Lone Bluff",Dec-15,$660K,11.90%,,1,0%,,1,0%,,1,0%,,,,,98.50%,-4.10%,,95111
"San Jose, CA - Lone Bluff",Jan-16,$660K,0%,,1,0%,,1,0%,,1,0%,,,,,98.50%,0%,,95111
"San Jose, CA - Lone Bluff",Feb-16,$660K,0%,,1,0%,,1,0%,,,,,,,,98.50%,0%,,95111
"San Jose, CA - Lone Bluff",Mar-16,$600K,-9.10%,,1,0%,,,,,,,,126,,,96%,-2.50%,,95111
"San Jose, CA - Lone Bluff",Apr-16,$600K,0%,,1,0%,,,,,,,,126,0,,96%,0%,,95111
"San Jose, CA - Lone Bluff",May-16,$600K,0%,-4.50%,1,0%,0%,,,,,,,126,0,-251,96%,0%,-18.60%,95111
"San Jose, CA - Los Gatos",Dec-15,$920K,,,1,,,1,,,,,,7,,,103.60%,,,95030
"San Jose, CA - Los Gatos",Jan-16,$920K,0%,,1,0%,,1,0%,,,,,7,0,,103.60%,0%,,95030
"San Jose, CA - Los Gatos",Feb-16,$920K,0%,,1,0%,,1,0%,,,,,7,0,,103.60%,0%,,95030
"San Jose, CA - Los Gatos",Nov-16,"$1,188K",,,1,,,1,,,,,,5,,,108%,,,95030
"San Jose, CA - Los Gatos",Dec-16,"$1,188K",0%,29.10%,1,0%,0%,1,0%,0%,,,,5,0,-2,108%,0%,4.40%,95030
"San Jose, CA - Lynhaven",Jan-12,$785K,-1.60%,,1,-50%,,,,,2,0%,,56,14,,96.30%,0.50%,,95117
"San Jose, CA - Lynhaven",Feb-12,$765K,-2.50%,,1,0%,,,,,1,-50%,,100,44,,95.60%,-0.70%,,95117
"San Jose, CA - Lynhaven",Mar-12,$765K,0%,,1,0%,,,,,,,,100,0,,95.60%,0%,,95117
"San Jose, CA - Lynhaven",Apr-12,$798K,4.20%,20.70%,2,100%,100%,,,,,,,131,31,1,96.70%,1.10%,-6.60%,95117
"San Jose, CA - Lynhaven",May-12,$830K,4.10%,12.50%,1,-50%,-50%,,,,,,,162,31,-32,97.80%,1.10%,-2.20%,95117
"San Jose, CA - Lynhaven",Jun-12,$830K,0%,12.50%,1,0%,-50%,,,,,,,162,0,-32,97.80%,0%,-2.20%,95117
"San Jose, CA - Lynhaven",Feb-13,$855K,,11.80%,1,,0%,1,,,,,,2,,-98,104.90%,,9.30%,95117
"San Jose, CA - Lynhaven",Mar-13,$855K,0%,11.80%,1,0%,0%,1,0%,,,,,2,0,-98,104.90%,0%,9.30%,95117
"San Jose, CA - Lynhaven",Apr-13,$855K,0%,7.20%,1,0%,-50%,1,0%,,1,,,2,0,-129,104.90%,0%,8.20%,95117
"San Jose, CA - Lynhaven",Jul-13,$990K,,,1,,,,,,,,,38,,,100%,,,95117
"San Jose, CA - Lynhaven",Aug-13,$990K,0%,,1,0%,,,,,,,,38,0,,100%,0%,,95117
"San Jose, CA - Lynhaven",Sep-13,$990K,0%,,1,0%,,1,,,1,,,38,0,,100%,0%,,95117
"San Jose, CA - Lynhaven",Dec-13,$935K,,,1,,,1,,,,,,99,,,98.40%,,,95117
"San Jose, CA - Lynhaven",Jan-14,$935K,0%,,1,0%,,1,0%,,,,,99,0,,98.40%,0%,,95117
"San Jose, CA - Lynhaven",Feb-14,$999K,6.80%,16.80%,2,100%,100%,2,100%,100%,,,,54,-45,52,99.80%,1.40%,-5.10%,95117
"San Jose, CA - Lynhaven",Mar-14,"$1,126K",12.80%,31.70%,2,0%,100%,2,0%,100%,,,,14,-41,12,100.20%,0.40%,-4.70%,95117
"San Jose, CA - Lynhaven",Apr-14,"$1,126K",0%,31.70%,2,0%,100%,1,-50%,0%,,,,14,0,12,100.20%,0%,-4.70%,95117
"San Jose, CA - Lynhaven",May-14,"$1,190K",5.70%,,1,-50%,,,,,,,,18,5,,99.20%,-1%,,95117
"San Jose, CA - Lynhaven",May-15,"$1,350K",,13.40%,1,,0%,1,,,,,,21,,3,108%,,8.80%,95117
"San Jose, CA - Lynhaven",Jun-15,"$1,350K",0%,,1,0%,,,,,,,,21,0,,108%,0%,,95117
"San Jose, CA - Lynhaven",Jul-15,"$1,350K",0%,,1,0%,,,,,,,,21,0,,108%,0%,,95117
"San Jose, CA - Lynhaven",Mar-16,$918K,,,1,,,1,,,,,,59,,,99.20%,,,95117
"San Jose, CA - Lynhaven",Apr-16,$918K,0%,,1,0%,,,,,,,,59,0,,99.20%,0%,,95117
"San Jose, CA - Lynhaven",May-16,$918K,0%,-32%,1,0%,0%,,,,,,,59,0,38,99.20%,0%,-8.80%,95117
"San Jose, CA - Lynhaven",Aug-16,"$1,600K",,,1,,,1,,,,,,29,,,96.10%,,,95117
"San Jose, CA - Lynhaven",Sep-16,"$1,600K",0%,,1,0%,,,,,,,,29,0,,96.10%,0%,,95117
"San Jose, CA - Lynhaven",Oct-16,"$1,600K",0%,,1,0%,,,,,,,,29,0,,96.10%,0%,,95117
"San Jose, CA - Mayfair",Jan-12,$290K,0%,-12.10%,2,0%,-33.30%,2,0%,100%,,,,18,0,-28,88.60%,0%,-12.90%,95116
"San Jose, CA - Mayfair",Feb-12,$290K,0%,-12.10%,2,0%,100%,,,,,,,18,0,-28,88.60%,0%,-12.90%,95116
"San Jose, CA - Mayfair",Jan-13,$465K,,60.30%,1,,-50%,,,,1,,,123,,106,96.90%,,8.30%,95116
"San Jose, CA - Mayfair",Feb-13,$465K,0%,60.30%,1,0%,-50%,,,,,,,123,0,106,96.90%,0%,8.30%,95116
"San Jose, CA - Mayfair",Mar-13,$450K,-3.20%,,2,100%,,,,,,,,133,10,,99.60%,2.70%,,95116
"San Jose, CA - Mayfair",Apr-13,$435K,-3.30%,,1,-50%,,2,,,2,,,142,10,,102.40%,2.70%,,95116
"San Jose, CA - Mayfair",May-13,$488K,12.10%,,2,100%,,2,0%,,,,,75,-67,,105.20%,2.80%,,95116
"San Jose, CA - Mayfair",Jun-13,$540K,10.80%,,1,-50%,,2,0%,,,,,8,-67,,108%,2.80%,,95116
"San Jose, CA - Mayfair",Jul-13,$540K,0%,,1,0%,,,,,,,,8,0,,108%,0%,,95116
"San Jose, CA - Mayfair",Apr-14,$550K,,26.40%,1,,0%,2,,0%,,,,58,,-84,96.80%,,-5.50%,95116
"San Jose, CA - Mayfair",May-14,$550K,0%,12.80%,1,0%,-50%,2,0%,0%,1,,,58,0,-17,96.80%,0%,-8.30%,95116
"San Jose, CA - Mayfair",Jun-14,$545K,-0.90%,0.90%,2,100%,100%,1,-50%,-50%,1,0%,,49,-9,41,97.50%,0.70%,-10.50%,95116
"San Jose, CA - Mayfair",Jul-14,$540K,-0.90%,0%,1,-50%,0%,3,200%,,2,100%,,40,-9,32,98.20%,0.70%,-9.80%,95116
"San Jose, CA - Mayfair",Aug-14,$570K,5.50%,,2,100%,,2,-33.30%,,2,0%,,26,-15,,99%,0.80%,,95116
"San Jose, CA - Mayfair",Sep-14,$599K,5.20%,,1,-50%,,3,50%,,3,50%,,11,-15,,99.80%,0.80%,,95116
"San Jose, CA - Mayfair",Oct-14,$599K,0%,,1,0%,,1,-66.70%,,2,-33.30%,,11,0,,99.80%,0%,,95116
"San Jose, CA - Mayfair",Dec-14,$531K,,,1,,,1,,,2,,,13,,,106.50%,,,95116
"San Jose, CA - Mayfair",Jan-15,$531K,0%,,1,0%,,1,0%,,1,-50%,,13,0,,106.50%,0%,,95116
"San Jose, CA - Mayfair",Feb-15,$491K,-7.70%,,2,100%,,,,,1,0%,,78,65,,92.10%,-14.40%,,95116
"San Jose, CA - Mayfair",Mar-15,$450K,-8.30%,,1,-50%,,,,,,,,142,65,,77.70%,-14.40%,,95116
"San Jose, CA - Mayfair",Apr-15,$450K,0%,-18.20%,1,0%,0%,,,,,,,142,0,84,77.70%,0%,-19.10%,95116
"San Jose, CA - Mayfair",May-15,$600K,33.30%,9.10%,1,0%,0%,1,,-50%,1,,0%,243,101,185,100%,22.30%,3.20%,95116
"San Jose, CA - Mayfair",Jun-15,$600K,0%,10.10%,1,0%,-50%,1,0%,0%,1,0%,0%,243,0,194,100%,0%,2.50%,95116
"San Jose, CA - Mayfair",Jul-15,$600K,0%,11.10%,1,0%,0%,2,100%,-33.30%,2,100%,0%,243,0,203,100%,0%,1.80%,95116
"San Jose, CA - Mayfair",Sep-15,$507K,,-15.40%,1,,0%,2,,-33.30%,2,,-33.30%,33,,22,112.90%,,13.10%,95116
"San Jose, CA - Mayfair",Oct-15,$507K,0%,-15.40%,1,0%,0%,1,-50%,0%,2,0%,0%,33,0,22,112.90%,0%,13.10%,95116
"San Jose, CA - Mayfair",Nov-15,$529K,4.20%,,2,100%,,,,,1,-50%,,111,78,,105%,-7.90%,,95116
"San Jose, CA - Mayfair",Dec-15,$550K,4.10%,3.50%,1,-50%,0%,,,,,,,188,78,175,97.20%,-7.90%,-9.30%,95116
"San Jose, CA - Mayfair",Jan-16,$550K,0%,3.50%,2,100%,100%,,,,,,,166,-23,153,96.40%,-0.80%,-10.10%,95116
"San Jose, CA - Mayfair",Feb-16,$550K,0%,12.10%,1,-50%,-50%,,,,,,,143,-23,66,95.70%,-0.80%,3.50%,95116
"San Jose, CA - Mayfair",Mar-16,$550K,0%,22.20%,1,0%,0%,1,,,1,,,143,0,1,95.70%,0%,17.90%,95116
"San Jose, CA - Mayfair",Sep-16,$550K,,8.50%,1,,0%,,,,,,,,,,88%,,-24.90%,95116
"San Jose, CA - Mayfair",Oct-16,$550K,0%,8.50%,1,0%,0%,,,,,,,,,,88%,0%,-24.90%,95116
"San Jose, CA - Mayfair",Nov-16,$550K,0%,4.10%,1,0%,-50%,,,,,,,,,,88%,0%,-17%,95116
"San Jose, CA - Morrill",Jan-13,$875K,,,1,,,,,,,,,156,,,97.30%,,,95132
"San Jose, CA - Morrill",Feb-13,$875K,0%,,1,0%,,,,,,,,156,0,,97.30%,0%,,95132
"San Jose, CA - Morrill",Mar-13,$875K,0%,,1,0%,,,,,,,,156,0,,97.30%,0%,,95132
"San Jose, CA - Morrill",Jul-16,"$1,078K",,,1,,,1,,,,,,21,,,102.70%,,,95132
"San Jose, CA - Morrill",Aug-16,"$1,078K",0%,,1,0%,,1,0%,,,,,21,0,,102.70%,0%,,95132
"San Jose, CA - Morrill",Sep-16,"$1,078K",0%,,1,0%,,,,,,,,21,0,,102.70%,0%,,95132
"San Jose, CA - Mount Pleasant South",Feb-14,$730K,,,1,,,1,,,,,,17,,,97.30%,,,95127
"San Jose, CA - Mount Pleasant South",Mar-14,$730K,0%,,1,0%,,,,,,,,17,0,,97.30%,0%,,95127
"San Jose, CA - Mount Pleasant South",Apr-14,$730K,0%,,1,0%,,,,,,,,17,0,,97.30%,0%,,95127
"San Jose, CA - Mount Pleasant South",May-15,$900K,,,1,,,,,,,,,131,,,98.90%,,,95127
"San Jose, CA - Mount Pleasant South",Jun-15,$900K,0%,,1,0%,,,,,,,,131,0,,98.90%,0%,,95127
"San Jose, CA - Mount Pleasant South",Jul-15,$900K,0%,,1,0%,,,,,,,,131,0,,98.90%,0%,,95127
"San Jose, CA - Noddin",Mar-13,$860K,,,1,,,1,,,,,,15,,,114.70%,,,95124
"San Jose, CA - Noddin",Apr-13,$906K,5.30%,,2,100%,,2,100%,,,,,12,-4,,110.20%,-4.40%,,95124
"San Jose, CA - Noddin",May-13,$906K,0%,,2,0%,,1,-50%,,,,,12,0,,110.20%,0%,,95124
"San Jose, CA - Noddin",Jun-13,$951K,5%,,1,-50%,,1,0%,,,,,8,-4,,105.80%,-4.40%,,95124
"San Jose, CA - Noddin",Oct-13,$790K,,,1,,,1,,,,,,52,,,98.10%,,,95124
"San Jose, CA - Noddin",Nov-13,$796K,0.80%,,2,100%,,1,0%,,,,,32,-21,,96.30%,-1.90%,,95124
"San Jose, CA - Noddin",Dec-13,$796K,0%,,2,0%,,,,,,,,32,0,,96.30%,0%,,95124
"San Jose, CA - Noddin",Jan-14,$803K,0.80%,,1,-50%,,,,,,,,11,-21,,94.40%,-1.90%,,95124
"San Jose, CA - Noddin",Jun-14,"$1,280K",,34.60%,1,,0%,1,,0%,,,,10,,2,98.50%,,-7.30%,95124
"San Jose, CA - Noddin",Jul-14,"$1,280K",0%,,1,0%,,1,0%,,,,,10,0,,98.50%,0%,,95124
"San Jose, CA - Noddin",Aug-14,"$1,280K",0%,,1,0%,,,,,,,,10,0,,98.50%,0%,,95124
"San Jose, CA - Noddin",Dec-14,$975K,,22.40%,1,,-50%,1,,,,,,16,,-16,114.70%,,18.40%,95124
"San Jose, CA - Noddin",Jan-15,$975K,0%,21.50%,1,0%,0%,1,0%,,,,,16,0,5,114.70%,0%,20.30%,95124
"San Jose, CA - Noddin",Feb-15,$975K,0%,,1,0%,,,,,,,,16,0,,114.70%,0%,,95124
"San Jose, CA - Noddin",Apr-16,"$1,385K",,,1,,,1,,,1,,,,,,100%,,,95124
"San Jose, CA - Noddin",May-16,"$1,385K",0%,,1,0%,,2,100%,,2,100%,,,,,100%,0%,,95124
"San Jose, CA - Noddin",Jun-16,"$1,385K",0%,,1,0%,,2,0%,,2,0%,,,,,100%,0%,,95124
"San Jose, CA - Noddin",Aug-16,"$1,154K",,,1,,,2,,,,,,10,,,100.30%,,,95124
"San Jose, CA - Noddin",Sep-16,"$1,275K",10.40%,,2,100%,,1,-50%,,,,,8,-3,,100.20%,-0.20%,,95124
"San Jose, CA - Noddin",Oct-16,"$1,275K",0%,,2,0%,,1,0%,,,,,8,0,,100.20%,0%,,95124
"San Jose, CA - Noddin",Nov-16,"$1,395K",9.50%,,1,-50%,,,,,,,,5,-3,,100%,-0.20%,,95124
"San Jose, CA - Oak Grove",Jan-12,$533K,0%,8.40%,1,0%,-50%,2,100%,,1,,,13,0,-50,107.70%,0%,7.70%,95119
"San Jose, CA - Oak Grove",Oct-12,$480K,,,1,,,1,,,,,,6,,,88.90%,,,95119
"San Jose, CA - Oak Grove",Nov-12,$480K,0%,-10%,1,0%,0%,1,0%,0%,,,,6,0,-7,88.90%,0%,-18.90%,95119
"San Jose, CA - Oak Grove",Dec-12,$480K,0%,-10%,1,0%,0%,1,0%,0%,,,,6,0,-7,88.90%,0%,-18.90%,95119
"San Jose, CA - Oak Grove",Feb-13,$730K,,,1,,,1,,,,,,8,,,104.30%,,,95119
"San Jose, CA - Oak Grove",Mar-13,$730K,0%,,1,0%,,1,0%,,,,,8,0,,104.30%,0%,,95119
"San Jose, CA - Oak Grove",Apr-13,$730K,0%,,1,0%,,,,,,,,8,0,,104.30%,0%,,95119
"San Jose, CA - Oak Grove",Sep-14,$875K,,,1,,,,,,,,,77,,,104.40%,,,95119
"San Jose, CA - Oak Grove",Oct-14,$875K,0%,,1,0%,,,,,,,,77,0,,104.40%,0%,,95119
"San Jose, CA - Oak Grove",Nov-14,$875K,0%,,1,0%,,,,,,,,77,0,,104.40%,0%,,95119
"San Jose, CA - Oak Grove",Apr-15,$950K,,,1,,,1,,,,,,1,,,105.60%,,,95119
"San Jose, CA - Oak Grove",May-15,$950K,0%,,1,0%,,1,0%,,,,,1,0,,105.60%,0%,,95119
"San Jose, CA - Oak Grove",Jun-15,$950K,0%,,1,0%,,,,,,,,1,0,,105.60%,0%,,95119
"San Jose, CA - Oster",Mar-12,$725K,,57.60%,1,,0%,1,,0%,,,,14,,-1,100.70%,,-1.50%,95124
"San Jose, CA - Oster",Apr-12,$725K,0%,57.60%,1,0%,0%,1,0%,,,,,14,0,-1,100.70%,0%,-1.50%,95124
"San Jose, CA - Oster",May-12,$725K,0%,57.60%,1,0%,0%,1,0%,,,,,14,0,-1,100.70%,0%,-1.50%,95124
"San Jose, CA - Oster",Dec-12,$550K,,,1,,,,,,,,,37,,,100%,,,95124
"San Jose, CA - Oster",Jan-13,$550K,0%,,1,0%,,,,,,,,37,0,,100%,0%,,95124
"San Jose, CA - Oster",Feb-13,$550K,0%,,1,0%,,,,,,,,37,0,,100%,0%,,95124
"San Jose, CA - Oster",Mar-14,$700K,,,1,,,1,,,,,,15,,,98.60%,,,95124
"San Jose, CA - Oster",Apr-14,$700K,0%,,1,0%,,1,0%,,,,,15,0,,98.60%,0%,,95124
"San Jose, CA - Oster",May-14,$700K,0%,,1,0%,,,,,,,,15,0,,98.60%,0%,,95124
"San Jose, CA - Oster",Aug-14,$749K,,,1,,,1,,,,,,23,,,99.90%,,,95124
"San Jose, CA - Oster",Sep-14,$749K,0%,,1,0%,,1,0%,,,,,23,0,,99.90%,0%,,95124
"San Jose, CA - Oster",Oct-14,$749K,0%,,1,0%,,,,,,,,23,0,,99.90%,0%,,95124
"San Jose, CA - Oster",Jan-15,$825K,,,1,,,1,,,,,,51,,,103.10%,,,95124
"San Jose, CA - Oster",Feb-15,$825K,0%,,1,0%,,,,,,,,51,0,,103.10%,0%,,95124
"San Jose, CA - Oster",Mar-15,$825K,0%,17.90%,1,0%,0%,,,,,,,51,0,36,103.10%,0%,4.50%,95124
"San Jose, CA - Rose-Sartorette",Jan-12,$650K,0%,-5.80%,1,0%,0%,,,,1,0%,-75%,23,0,-151,102.80%,0%,8.20%,95124
"San Jose, CA - Rose-Sartorette",Feb-12,$643K,-1.10%,1.20%,2,100%,-50%,,,,,,,22,-1,-67,101.40%,-1.30%,3.50%,95124
"San Jose, CA - Rose-Sartorette",Mar-12,$636K,-1.10%,9.60%,1,-50%,-66.70%,,,,,,,21,-1,15,100.10%,-1.30%,1%,95124
"San Jose, CA - Rose-Sartorette",Apr-12,$636K,0%,9.60%,1,0%,-66.70%,,,,,,,21,0,15,100.10%,0%,1%,95124
"San Jose, CA - Rose-Sartorette",Nov-12,$819K,,,1,,,3,,,1,,,14,,,102.50%,,,95124
"San Jose, CA - Rose-Sartorette",Dec-12,$817K,-0.20%,25.70%,2,100%,100%,3,0%,50%,,,,14,-1,-10,97.30%,-5.20%,-5.50%,95124
"San Jose, CA - Rose-Sartorette",Jan-13,$815K,-0.20%,25.40%,3,50%,200%,3,0%,,1,,0%,14,1,-9,98.20%,0.90%,-4.60%,95124
"San Jose, CA - Rose-Sartorette",Feb-13,$835K,2.40%,29.80%,4,33.30%,100%,1,-66.70%,,,,,31,17,9,99.20%,1%,-2.20%,95124
"San Jose, CA - Rose-Sartorette",Mar-13,$854K,2.30%,34.40%,3,-25%,200%,1,0%,,,,,41,11,20,101.60%,2.40%,1.50%,95124
"San Jose, CA - Rose-Sartorette",Apr-13,$892K,4.40%,40.40%,2,-33.30%,100%,,,,,,,556,515,535,102.40%,0.80%,2.30%,95124
"San Jose, CA - Rose-Sartorette",Jan-14,$920K,,12.90%,1,,-66.70%,,,,,,,84,,70,99.50%,,1.30%,95124
"San Jose, CA - Rose-Sartorette",Feb-14,$920K,0%,10.20%,1,0%,-75%,2,,100%,,,,84,0,54,99.50%,0%,0.20%,95124
"San Jose, CA - Rose-Sartorette",Mar-14,$920K,0%,7.70%,1,0%,-66.70%,2,0%,100%,,,,84,0,43,99.50%,0%,-2.10%,95124
"San Jose, CA - Rose-Sartorette",Apr-14,$963K,4.60%,7.90%,2,100%,0%,2,0%,,,,,9,-76,-548,103.10%,3.60%,0.70%,95124
"San Jose, CA - Rose-Sartorette",May-14,$963K,0%,,2,0%,,,,,,,,9,0,,103.10%,0%,,95124
"San Jose, CA - Rose-Sartorette",Jun-14,$963K,0%,,2,0%,,,,,,,,9,0,,103.10%,0%,,95124
"San Jose, CA - Rose-Sartorette",Sep-14,$935K,,,1,,,1,,,,,,14,,,101.10%,,,95124
"San Jose, CA - Rose-Sartorette",Oct-14,$935K,0%,,1,0%,,,,,,,,14,0,,101.10%,0%,,95124
"San Jose, CA - Rose-Sartorette",Nov-14,$935K,0%,,1,0%,,,,,,,,14,0,,101.10%,0%,,95124
"San Jose, CA - Rose-Sartorette",Mar-16,"$1,320K",,,1,,,1,,,,,,39,,,94.40%,,,95124
"San Jose, CA - Rose-Sartorette",Apr-16,"$1,320K",0%,,1,0%,,1,0%,,1,,,39,0,,94.40%,0%,,95124
"San Jose, CA - Rose-Sartorette",May-16,"$1,320K",0%,,1,0%,,2,100%,,1,0%,,39,0,,94.40%,0%,,95124
"San Jose, CA - Rose-Sartorette",Jul-16,"$1,355K",,,2,,,1,,,,,,37,,,98.60%,,,95124
"San Jose, CA - Rose-Sartorette",Aug-16,"$1,355K",0%,,2,0%,,,,,,,,37,0,,98.60%,0%,,95124
"San Jose, CA - Rose-Sartorette",Sep-16,"$1,355K",0%,,2,0%,,,,,,,,37,0,,98.60%,0%,,95124
"San Jose, CA - San Thomas West",Feb-12,$530K,,,1,,,1,,,4,,,8,,,107%,,,95130
"San Jose, CA - San Thomas West",Mar-12,$565K,6.60%,-10.30%,2,100%,100%,1,0%,-66.70%,1,-75%,0%,81,73,,105.20%,-1.80%,5.20%,95130
"San Jose, CA - San Thomas West",Apr-12,$600K,6.20%,-6.10%,3,50%,50%,1,0%,-66.70%,1,0%,0%,152,72,144,98.70%,-6.50%,-3.10%,95130
"San Jose, CA - San Thomas West",May-12,$600K,0%,-4.80%,2,-33.30%,-33.30%,1,0%,-66.70%,1,0%,,153,1,148,94.60%,-4.10%,-7%,95130
"San Jose, CA - San Thomas West",Jun-12,$600K,0%,3.60%,1,-50%,-50%,1,0%,0%,,,,152,-1,147,85.70%,-8.90%,-16.60%,95130
"San Jose, CA - San Thomas West",Feb-13,$797K,,50.30%,2,,100%,2,,100%,,,,35,,27,102.60%,,-4.30%,95130
"San Jose, CA - San Thomas West",Mar-13,$748K,-6.10%,32.40%,3,50%,50%,2,0%,100%,,,,20,-15,-61,103.80%,1.20%,-1.40%,95130
"San Jose, CA - San Thomas West",Apr-13,$748K,0%,24.70%,3,0%,0%,2,0%,100%,1,,0%,20,0,-132,103.80%,0%,5.10%,95130
"San Jose, CA - San Thomas West",May-13,$711K,-5%,18.50%,1,-66.70%,-50%,3,50%,200%,2,100%,100%,20,0,-133,106.10%,2.30%,11.50%,95130
"San Jose, CA - San Thomas West",Jun-13,$600K,-15.60%,0%,1,0%,0%,4,33.30%,300%,3,50%,,48,28,-104,107.10%,1%,21.40%,95130
"San Jose, CA - San Thomas West",Jul-13,$600K,0%,,1,0%,,4,0%,,3,0%,,48,0,,107.10%,0%,,95130
"San Jose, CA - San Thomas West",Aug-13,$855K,42.50%,,3,200%,,3,-25%,,1,-66.70%,,48,0,,100.80%,-6.30%,,95130
"San Jose, CA - San Thomas West",Sep-13,$855K,0%,,3,0%,,1,-66.70%,,1,0%,,48,0,,98.50%,-2.40%,,95130
"San Jose, CA - San Thomas West",Oct-13,$855K,0%,,3,0%,,,,,,,,48,0,,98.50%,0%,,95130
"San Jose, CA - San Thomas West",Nov-13,$700K,-18.10%,,1,-66.70%,,,,,,,,74,26,,100%,1.50%,,95130
"San Jose, CA - San Thomas West",Dec-13,$880K,25.70%,,1,0%,,,,,,,,156,82,,97.80%,-2.20%,,95130
"San Jose, CA - San Thomas West",Jan-14,$880K,0%,,1,0%,,,,,,,,156,0,,97.80%,0%,,95130
"San Jose, CA - San Thomas West",Feb-14,$880K,0%,10.50%,1,0%,-50%,,,,,,,156,0,121,97.80%,0%,-4.90%,95130
"San Jose, CA - San Thomas West",Apr-14,$870K,,16.20%,1,,-66.70%,2,,0%,1,,0%,2,,-18,98.90%,,-4.90%,95130
"San Jose, CA - San Thomas West",May-14,$870K,0%,22.30%,1,0%,0%,2,0%,-33.30%,,,,2,0,-18,98.90%,0%,-7.20%,95130
"San Jose, CA - San Thomas West",Jun-14,$870K,0%,44.90%,1,0%,0%,4,100%,0%,2,,-33.30%,2,0,-46,98.90%,0%,-8.20%,95130
"San Jose, CA - San Thomas West",Sep-14,"$1,080K",,26.30%,1,,-66.70%,1,,0%,2,,100%,12,,-36,100%,,1.50%,95130
"San Jose, CA - San Thomas West",Oct-14,"$1,080K",0%,26.30%,1,0%,-66.70%,1,0%,,1,-50%,,12,0,-36,100%,0%,1.50%,95130
"San Jose, CA - San Thomas West",Nov-14,$960K,-11.10%,37.10%,2,100%,100%,,,,1,0%,,67,55,-7,98.80%,-1.20%,-1.20%,95130
"San Jose, CA - San Thomas West",Dec-14,$840K,-12.50%,-4.50%,1,-50%,0%,,,,1,0%,,122,55,-34,97.70%,-1.20%,-0.10%,95130
"San Jose, CA - San Thomas West",Jan-15,$840K,0%,-4.50%,1,0%,0%,1,,,,,,122,0,-34,97.70%,0%,-0.10%,95130
"San Jose, CA - San Thomas West",Feb-15,"$1,495K",78%,69.90%,1,0%,0%,2,100%,,1,,,14,-108,-142,112.80%,15.20%,15%,95130
"San Jose, CA - San Thomas West",Mar-15,"$1,173K",-21.50%,,2,100%,,2,0%,,,,,121,107,,102.40%,-10.40%,,95130
"San Jose, CA - San Thomas West",Apr-15,"$1,355K",15.50%,55.80%,3,50%,200%,1,-50%,-50%,,,,22,-99,20,104.40%,2%,5.50%,95130
"San Jose, CA - San Thomas West",May-15,"$1,103K",-18.60%,26.90%,2,-33.30%,100%,1,0%,-50%,1,,,125,103,123,100.20%,-4.20%,1.30%,95130
"San Jose, CA - San Thomas West",Jun-15,"$1,178K",6.80%,35.40%,2,0%,100%,1,0%,-75%,,,,22,-103,20,106.30%,6.10%,7.40%,95130
"San Jose, CA - San Thomas West",Jul-15,"$1,000K",-15.10%,,1,-50%,,1,0%,,,,,22,0,,104.20%,-2.20%,,95130
"San Jose, CA - San Thomas West",Aug-15,"$1,000K",0%,,1,0%,,,,,,,,22,0,,104.20%,0%,,95130
"San Jose, CA - San Thomas West",Mar-16,$950K,,-19%,1,,-50%,3,,50%,,,,16,,-105,105.60%,,3.20%,95130
"San Jose, CA - San Thomas West",Apr-16,$950K,0%,-29.90%,1,0%,-66.70%,4,33.30%,300%,,,,16,0,-6,105.60%,0%,1.10%,95130
"San Jose, CA - San Thomas West",May-16,$960K,1.10%,-13%,2,100%,0%,2,-50%,100%,,,,10,-6,-115,106.70%,1.20%,6.50%,95130
"San Jose, CA - San Thomas West",Jun-16,$970K,1%,-17.60%,1,-50%,-50%,1,-50%,0%,,,,4,-6,-18,107.90%,1.20%,1.60%,95130
"San Jose, CA - San Thomas West",Jul-16,$970K,0%,-3%,1,0%,0%,,,,,,,4,0,-18,107.90%,0%,3.70%,95130
"San Jose, CA - San Tomas Aquinos",Apr-14,"$1,000K",,,1,,,2,,,1,,,10,,,111.20%,,,95130
"San Jose, CA - San Tomas Aquinos",May-14,"$1,000K",0%,,1,0%,,2,0%,,1,0%,,10,0,,111.20%,0%,,95130
"San Jose, CA - San Tomas Aquinos",Jun-14,"$1,000K",0%,,1,0%,,,,,1,0%,,10,0,,111.20%,0%,,95130
"San Jose, CA - San Tomas Aquinos",Aug-16,"$1,245K",,,1,,,1,,,,,,12,,,93.20%,,,95130
"San Jose, CA - San Tomas Aquinos",Sep-16,"$1,245K",0%,,1,0%,,1,0%,,,,,12,0,,93.20%,0%,,95130
"San Jose, CA - San Tomas Aquinos",Oct-16,"$1,245K",0%,,1,0%,,,,,,,,12,0,,93.20%,0%,,95130
"San Jose, CA - Santee",Jan-12,$410K,0%,8.60%,1,0%,-50%,,,,,,,53,0,-18,100%,0%,-1%,95122
"San Jose, CA - Santee",Mar-12,$365K,,,1,,,3,,,1,,,,,,100.80%,,,95122
"San Jose, CA - Santee",Apr-12,$411K,12.50%,,2,100%,,4,33.30%,,1,0%,,6,,,109%,8.20%,,95122
"San Jose, CA - Santee",May-12,$411K,0%,15.60%,2,0%,100%,3,-25%,0%,2,100%,0%,6,0,-5,109%,0%,10.80%,95122
"San Jose, CA - Santee",Jun-12,$456K,11.10%,25.40%,1,-50%,-50%,3,0%,0%,2,0%,,6,0,-5,117.20%,8.20%,16.50%,95122
"San Jose, CA - Santee",Sep-12,$510K,,20%,1,,-50%,1,,-66.70%,2,,100%,9,,-7,102.20%,,-1.80%,95122
"San Jose, CA - Santee",Oct-12,$445K,-12.70%,14.10%,2,100%,100%,1,0%,-50%,,,,7,-3,-15,105.50%,3.30%,4.50%,95122
"San Jose, CA - Santee",Nov-12,$445K,0%,11.30%,2,0%,0%,3,200%,200%,2,,,7,0,-31,105.50%,0%,5%,95122
"San Jose, CA - Santee",Dec-12,$440K,-1.10%,7.30%,3,50%,200%,3,0%,,,,,8,2,-45,107.50%,2%,7.50%,95122
"San Jose, CA - Santee",Jan-13,$495K,12.50%,20.70%,2,-33.30%,100%,3,0%,,,,,23,15,-31,106.90%,-0.60%,6.90%,95122
"San Jose, CA - Santee",Feb-13,$440K,-11.10%,,3,50%,,1,-66.70%,,,,,23,0,,105.60%,-1.30%,,95122
"San Jose, CA - Santee",Mar-13,$410K,-6.80%,12.30%,1,-66.70%,0%,,,,,,,,,,103.10%,-2.50%,2.30%,95122
"San Jose, CA - Santee",Apr-13,$410K,0%,-0.10%,1,0%,-50%,1,,-75%,1,,0%,,,,103.10%,0%,-5.90%,95122
"San Jose, CA - Santee",Jul-13,$665K,,,1,,,2,,,2,,,78,,,95.10%,,,95122
"San Jose, CA - Santee",Aug-13,$665K,0%,,1,0%,,2,0%,,2,0%,,78,0,,95.10%,0%,,95122
"San Jose, CA - Santee",Sep-13,$665K,0%,30.40%,1,0%,0%,1,-50%,0%,,,,78,0,69,95.10%,0%,-7.10%,95122
"San Jose, CA - Santee",Nov-13,$710K,,59.60%,1,,-50%,3,,0%,1,,-50%,77,,71,102.20%,,-3.40%,95122
"San Jose, CA - Santee",Dec-13,$710K,0%,61.40%,3,200%,0%,3,0%,0%,,,,16,-61,8,104%,1.90%,-3.50%,95122
"San Jose, CA - Santee",Jan-14,$710K,0%,43.40%,3,0%,50%,2,-33.30%,-33.30%,,,,16,0,-7,104%,0%,-2.80%,95122
"San Jose, CA - Santee",Feb-14,$680K,-4.20%,54.50%,2,-33.30%,-33.30%,,,,,,,13,-3,-10,105%,0.90%,-0.60%,95122
"San Jose, CA - Santee",May-14,$753K,,,2,,,4,,,1,,,15,,,103.80%,,,95122
"San Jose, CA - Santee",Jun-14,$753K,0%,,2,0%,,3,-25%,,,,,15,0,,103.80%,0%,,95122
"San Jose, CA - Santee",Jul-14,$748K,-0.60%,12.50%,4,100%,300%,2,-33.30%,0%,,,,15,0,-63,103.10%,-0.70%,8%,95122
"San Jose, CA - Santee",Aug-14,$751K,0.40%,12.90%,3,-25%,200%,2,0%,0%,1,,-50%,12,-3,-66,101.60%,-1.50%,6.50%,95122
"San Jose, CA - Santee",Sep-14,$751K,0%,12.90%,3,0%,200%,2,0%,100%,1,0%,,12,0,-66,101.60%,0%,6.50%,95122
"San Jose, CA - Santee",Oct-14,$775K,3.20%,,2,-33.30%,,3,50%,,2,100%,,15,3,,102.40%,0.70%,,95122
"San Jose, CA - Santee",Nov-14,$770K,-0.60%,8.50%,1,-50%,0%,3,0%,0%,2,0%,100%,18,3,-59,104.80%,2.40%,2.60%,95122
"San Jose, CA - Santee",Dec-14,$770K,0%,8.50%,3,200%,0%,3,0%,0%,,,,18,0,2,103%,-1.70%,-1%,95122
"San Jose, CA - Santee",Jan-15,$777K,0.90%,9.40%,3,0%,0%,3,0%,50%,1,,,22,4,6,102.20%,-0.80%,-1.90%,95122
"San Jose, CA - Santee",Feb-15,$777K,0%,14.30%,3,0%,50%,3,0%,,1,0%,,22,0,9,102.20%,0%,-2.80%,95122
"San Jose, CA - Santee",Mar-15,$777K,0%,,1,-66.70%,,4,33.30%,,1,0%,,22,0,,102.30%,0.10%,,95122
"San Jose, CA - Santee",Apr-15,$828K,6.60%,,1,0%,,3,-25%,,1,0%,,13,-9,,97.40%,-4.80%,,95122
"San Jose, CA - Santee",May-15,$825K,-0.40%,9.60%,2,100%,0%,2,-33.30%,-50%,1,0%,0%,19,6,4,98.70%,1.30%,-5.10%,95122
"San Jose, CA - Santee",Jun-15,$825K,0%,9.60%,2,0%,0%,,,,,,,19,0,4,98.70%,0%,-5.10%,95122
"San Jose, CA - Santee",Jul-15,$854K,3.50%,14.10%,2,0%,-50%,1,,-50%,1,,,58,39,43,97.80%,-0.90%,-5.30%,95122
"San Jose, CA - Santee",Aug-15,$885K,3.70%,17.80%,1,-50%,-66.70%,2,100%,0%,1,0%,0%,91,34,79,95.70%,-2.20%,-6%,95122
"San Jose, CA - Santee",Sep-15,$881K,-0.50%,17.30%,2,100%,-33.30%,4,100%,100%,2,100%,100%,47,-44,35,97.70%,2%,-4%,95122
"San Jose, CA - Santee",Oct-15,$877K,-0.50%,13.20%,1,-50%,-50%,3,-25%,0%,,,,3,-44,-12,99.70%,2%,-2.70%,95122
"San Jose, CA - Santee",Nov-15,$889K,1.30%,15.40%,2,100%,100%,3,0%,0%,1,,-50%,8,5,-11,100.40%,0.80%,-4.30%,95122
"San Jose, CA - Santee",Dec-15,$900K,1.30%,16.90%,1,-50%,-66.70%,2,-33.30%,-33.30%,1,0%,,12,5,-6,101.20%,0.80%,-1.80%,95122
"San Jose, CA - Santee",Jan-16,$925K,2.80%,19%,2,100%,-33.30%,3,50%,0%,2,100%,100%,12,-1,-11,100.60%,-0.60%,-1.60%,95122
"San Jose, CA - Santee",Feb-16,$950K,2.70%,22.30%,1,-50%,-66.70%,3,0%,0%,2,0%,100%,11,-1,-11,100%,-0.60%,-2.20%,95122
"San Jose, CA - Santee",Mar-16,$950K,0%,22.30%,1,0%,0%,2,-33.30%,-50%,1,-50%,0%,11,0,-11,100%,0%,-2.30%,95122
"San Jose, CA - Santee",Apr-16,$941K,-1%,13.60%,2,100%,100%,1,-50%,-66.70%,,,,82,71,69,99.50%,-0.50%,2.10%,95122
"San Jose, CA - Santee",May-16,$945K,0.50%,14.50%,3,50%,50%,1,0%,-50%,1,,0%,65,-17,47,98.90%,-0.60%,0.20%,95122
"San Jose, CA - Santee",Jun-16,$945K,0%,14.50%,3,0%,50%,1,0%,,1,0%,,65,0,47,98.90%,0%,0.20%,95122
"San Jose, CA - Santee",Jul-16,$951K,0.60%,11.40%,2,-33.30%,0%,1,0%,0%,,,,50,-16,-8,98.90%,0%,1%,95122
"San Jose, CA - Santee",Aug-16,$956K,0.60%,8%,1,-50%,0%,,,,,,,51,2,-40,100.10%,1.20%,4.40%,95122
"San Jose, CA - Santee",Sep-16,$956K,0%,8.50%,1,0%,-50%,,,,,,,51,0,4,100.10%,0%,2.40%,95122
"San Jose, CA - Seven Trees",Jun-13,$490K,,,1,,,1,,,,,,5,,,108.90%,,,95111
"San Jose, CA - Seven Trees",Jul-13,$490K,0%,,1,0%,,1,0%,,,,,5,0,,108.90%,0%,,95111
"San Jose, CA - Seven Trees",Aug-13,$490K,0%,,1,0%,,,,,,,,5,0,,108.90%,0%,,95111
,,,,,,,,,,,,,,,,,,,,
,,,,,,,,,,,,,,,,,,,,
,,,,,,,,,,,,,,,,,,,,
,,,,,,,,,,,,,,,,,,,,
,,,,,,,,,,,,,,,,,,,,
,,,,,,,,,,,,,,,,,,,,
,,,,,,,,,,,,,,,,,,,,
,,,,,,,,,,,,,,,,,,,,
,,,,,,,,,,,,,,,,,,,,
,,,,,,,,,,,,,,,,,,,,
,,,,,,,,,,,,,,,,,,,,
,,,,,,,,,,,,,,,,,,,,
,,,,,,,,,,,,,,,,,,,,
,,,,,,,,,,,,,,,,,,,,
,,,,,,,,,,,,,,,,,,,,
,,,,,,,,,,,,,,,,,,,,
,,,,,,,,,,,,,,,,,,,,
,,,,,,,,,,,,,,,,,,,,
,,,,,,,,,,,,,,,,,,,,
,,,,,,,,,,,,,,,,,,,,
,,,,,,,,,,,,,,,,,,,,
,,,,,,,,,,,,,,,,,,,,
,,,,,,,,,,,,,,,,,,,,
,,,,,,,,,,,,,,,,,,,,
,,,,,,,,,,,,,,,,,,,,
,,,,,,,,,,,,,,,,,,,,
,,,,,,,,,,,,,,,,,,,,
,,,,,,,,,,,,,,,,,,,,
,,,,,,,,,,,,,,,,,,,,
,,,,,,,,,,,,,,,,,,,,
,,,,,,,,,,,,,,,,,,,,
,,,,,,,,,,,,,,,,,,,,
,,,,,,,,,,,,,,,,,,,,
,,,,,,,,,,,,,,,,,,,,
,,,,,,,,,,,,,,,,,,,,
,,,,,,,,,,,,,,,,,,,,
,,,,,,,,,,,,,,,,,,,,
,,,,,,,,,,,,,,,,,,,,
,,,,,,,,,,,,,,,,,,,,
,,,,,,,,,,,,,,,,,,,,
,,,,,,,,,,,,,,,,,,,,
,,,,,,,,,,,,,,,,,,,,
,,,,,,,,,,,,,,,,,,,,
,,,,,,,,,,,,,,,,,,,,
,,,,,,,,,,,,,,,,,,,,
,,,,,,,,,,,,,,,,,,,,
,,,,,,,,,,,,,,,,,,,,
,,,,,,,,,,,,,,,,,,,,
,,,,,,,,,,,,,,,,,,,,
,,,,,,,,,,,,,,,,,,,,
,,,,,,,,,,,,,,,,,,,,
,,,,,,,,,,,,,,,,,,,,
,,,,,,,,,,,,,,,,,,,,
,,,,,,,,,,,,,,,,,,,,
,,,,,,,,,,,,,,,,,,,,
,,,,,,,,,,,,,,,,,,,,
,,,,,,,,,,,,,,,,,,,,
,,,,,,,,,,,,,,,,,,,,
,,,,,,,,,,,,,,,,,,,,
,,,,,,,,,,,,,,,,,,,,
,,,,,,,,,,,,,,,,,,,,
,,,,,,,,,,,,,,,,,,,,
,,,,,,,,,,,,,,,,,,,,
,,,,,,,,,,,,,,,,,,,,
,,,,,,,,,,,,,,,,,,,,
,,,,,,,,,,,,,,,,,,,,
,,,,,,,,,,,,,,,,,,,,
,,,,,,,,,,,,,,,,,,,,
,,,,,,,,,,,,,,,,,,,,
,,,,,,,,,,,,,,,,,,,,
,,,,,,,,,,,,,,,,,,,,
,,,,,,,,,,,,,,,,,,,,
,,,,,,,,,,,,,,,,,,,,
,,,,,,,,,,,,,,,,,,,,
,,,,,,,,,,,,,,,,,,,,
,,,,,,,,,,,,,,,,,,,,
,,,,,,,,,,,,,,,,,,,,
,,,,,,,,,,,,,,,,,,,,
,,,,,,,,,,,,,,,,,,,,
,,,,,,,,,,,,,,,,,,,,
,,,,,,,,,,,,,,,,,,,,
,,,,,,,,,,,,,,,,,,,,
,,,,,,,,,,,,,,,,,,,,
,,,,,,,,,,,,,,,,,,,,
,,,,,,,,,,,,,,,,,,,,
,,,,,,,,,,,,,,,,,,,,
,,,,,,,,,,,,,,,,,,,,
,,,,,,,,,,,,,,,,,,,,
,,,,,,,,,,,,,,,,,,,,
,,,,,,,,,,,,,,,,,,,,
,,,,,,,,,,,,,,,,,,,,
,,,,,,,,,,,,,,,,,,,,
,,,,,,,,,,,,,,,,,,,,
,,,,,,,,,,,,,,,,,,,,
,,,,,,,,,,,,,,,,,,,,
,,,,,,,,,,,,,,,,,,,,
,,,,,,,,,,,,,,,,,,,,
,,,,,,,,,,,,,,,,,,,,
,,,,,,,,,,,,,,,,,,,,
,,,,,,,,,,,,,,,,,,,,
,,,,,,,,,,,,,,,,,,,,
,,,,,,,,,,,,,,,,,,,,
,,,,,,,,,,,,,,,,,,,,
,,,,,,,,,,,,,,,,,,,,
,,,,,,,,,,,,,,,,,,,,
,,,,,,,,,,,,,,,,,,,,
,,,,,,,,,,,,,,,,,,,,
,,,,,,,,,,,,,,,,,,,,
,,,,,,,,,,,,,,,,,,,,
,,,,,,,,,,,,,,,,,,,,
,,,,,,,,,,,,,,,,,,,,
,,,,,,,,,,,,,,,,,,,,
,,,,,,,,,,,,,,,,,,,,
,,,,,,,,,,,,,,,,,,,,
,,,,,,,,,,,,,,,,,,,,
,,,,,,,,,,,,,,,,,,,,
,,,,,,,,,,,,,,,,,,,,
,,,,,,,,,,,,,,,,,,,,
,,,,,,,,,,,,,,,,,,,,
,,,,,,,,,,,,,,,,,,,,
,,,,,,,,,,,,,,,,,,,,
,,,,,,,,,,,,,,,,,,,,
,,,,,,,,,,,,,,,,,,,,
,,,,,,,,,,,,,,,,,,,,
,,,,,,,,,,,,,,,,,,,,
,,,,,,,,,,,,,,,,,,,,
,,,,,,,,,,,,,,,,,,,,
,,,,,,,,,,,,,,,,,,,,
,,,,,,,,,,,,,,,,,,,,
,,,,,,,,,,,,,,,,,,,,
,,,,,,,,,,,,,,,,,,,,
,,,,,,,,,,,,,,,,,,,,
,,,,,,,,,,,,,,,,,,,,
,,,,,,,,,,,,,,,,,,,,
,,,,,,,,,,,,,,,,,,,,
,,,,,,,,,,,,,,,,,,,,
,,,,,,,,,,,,,,,,,,,,
,,,,,,,,,,,,,,,,,,,,
,,,,,,,,,,,,,,,,,,,,
,,,,,,,,,,,,,,,,,,,,
,,,,,,,,,,,,,,,,,,,,
,,,,,,,,,,,,,,,,,,,,
,,,,,,,,,,,,,,,,,,,,
,,,,,,,,,,,,,,,,,,,,
,,,,,,,,,,,,,,,,,,,,
,,,,,,,,,,,,,,,,,,,,
,,,,,,,,,,,,,,,,,,,,
,,,,,,,,,,,,,,,,,,,,
,,,,,,,,,,,,,,,,,,,,
,,,,,,,,,,,,,,,,,,,,
,,,,,,,,,,,,,,,,,,,,
,,,,,,,,,,,,,,,,,,,,
,,,,,,,,,,,,,,,,,,,,
,,,,,,,,,,,,,,,,,,,,
,,,,,,,,,,,,,,,,,,,,
,,,,,,,,,,,,,,,,,,,,
,,,,,,,,,,,,,,,,,,,,
,,,,,,,,,,,,,,,,,,,,
,,,,,,,,,,,,,,,,,,,,
,,,,,,,,,,,,,,,,,,,,
,,,,,,,,,,,,,,,,,,,,
,,,,,,,,,,,,,,,,,,,,
,,,,,,,,,,,,,,,,,,,,
,,,,,,,,,,,,,,,,,,,,
,,,,,,,,,,,,,,,,,,,,
,,,,,,,,,,,,,,,,,,,,
,,,,,,,,,,,,,,,,,,,,
,,,,,,,,,,,,,,,,,,,,
,,,,,,,,,,,,,,,,,,,,
,,,,,,,,,,,,,,,,,,,,
,,,,,,,,,,,,,,,,,,,,
,,,,,,,,,,,,,,,,,,,,
,,,,,,,,,,,,,,,,,,,,
,,,,,,,,,,,,,,,,,,,,
,,,,,,,,,,,,,,,,,,,,
,,,,,,,,,,,,,,,,,,,,
,,,,,,,,,,,,,,,,,,,,
,,,,,,,,,,,,,,,,,,,,
,,,,,,,,,,,,,,,,,,,,
,,,,,,,,,,,,,,,,,,,,
,,,,,,,,,,,,,,,,,,,,
,,,,,,,,,,,,,,,,,,,,
,,,,,,,,,,,,,,,,,,,,
,,,,,,,,,,,,,,,,,,,,
,,,,,,,,,,,,,,,,,,,,
,,,,,,,,,,,,,,,,,,,,
,,,,,,,,,,,,,,,,,,,,
,,,,,,,,,,,,,,,,,,,,
,,,,,,,,,,,,,,,,,,,,
,,,,,,,,,,,,,,,,,,,,
,,,,,,,,,,,,,,,,,,,,
,,,,,,,,,,,,,,,,,,,,
